image,utc,latitude,longitude,altitude_m,satellites,hdop,speed_kmph,course_deg,roll_deg,pitch_deg,gyro_x_dps,gyro_y_dps,gyro_z_dps,total_acc_g,stable,level,jpeg_bytes,capture_ms,sharpness,local_std,contrast,brightness,entropy,edge_density
IMG_000001.JPG,2026-07-16T13:25:56Z,42.639911,77.0738235,1616.8,5,1.82,0.037,0.0,4.403,1.848,3.021,0.895,-0.367,1.0394,1,1,75153,275,7.405529022216797,0.9487776160240173,8.973627184873024,153.6520792643229,4.846751046825713,0.0
IMG_000002.JPG,2026-07-16T13:25:57Z,42.6399098,77.0738237,1616.8,5,1.82,0.111,0.0,3.682,1.72,1.121,5.689,-6.215,1.042,1,1,75048,275,7.1646857261657715,0.90342116355896,12.506571912887354,159.1598103841146,5.243438487989983,0.0
IMG_000003.JPG,2026-07-16T13:25:58Z,42.6399092,77.073823,1617.0,5,1.82,0.37,0.0,2.739,1.165,-1.628,6.483,-9.879,1.0392,0,1,73732,274,6.569454193115234,0.8331201076507568,12.967739246597615,156.2721150716146,5.298047990517975,0.0
IMG_000004.JPG,2026-07-16T13:26:00Z,42.6399065,77.0738233,1616.9,5,1.82,0.815,0.0,2.345,1.311,-1.605,1.392,-10.123,1.0421,0,1,73504,262,6.640957355499268,0.795175313949585,9.116239766490384,147.9284871419271,4.821605109963807,0.0
IMG_000005.JPG,2026-07-16T13:26:01Z,42.639904,77.0738222,1616.9,5,1.82,1.037,0.0,2.453,0.835,-0.269,0.659,-6.49,1.0576,1,1,73604,262,6.509487152099609,0.8072620034217834,9.05562994611032,149.8843790690104,4.801859061462494,0.0
IMG_000006.JPG,2026-07-16T13:26:02Z,42.6399002,77.0738203,1616.9,5,1.82,1.593,0.0,2.959,0.39,-0.147,-3.242,-5.322,1.0755,0,1,73798,268,6.6478753089904785,0.7662755250930786,12.02400846447946,151.0251668294271,5.189888927120861,0.0
IMG_000007.JPG,2026-07-16T13:26:03Z,42.6398977,77.0738183,1616.8,5,1.82,1.074,0.0,3.903,0.963,3.334,-1.44,-4.344,1.0517,0,1,73358,265,6.66283655166626,0.8449400663375854,10.939992981565688,153.8055623372396,5.1490650928615525,0.0
IMG_000008.JPG,2026-07-16T13:26:04Z,42.6398967,77.073812,1616.7,5,1.82,1.685,0.0,1.696,1.577,-4.643,1.186,-3.222,1.0368,0,1,74422,283,6.604878902435303,0.9466405510902405,16.387986268033284,158.8658650716146,5.552401340017181,0.0
IMG_000009.JPG,2026-07-16T13:26:05Z,42.6398953,77.0738055,1616.7,5,1.82,1.667,0.0,2.712,1.486,4.258,3.934,-4.841,1.0349,1,1,73472,265,6.57166862487793,0.8781787753105164,14.465604781943858,153.35196940104166,5.497108131654164,0.0
IMG_000010.JPG,2026-07-16T13:26:07Z,42.639888,77.0737998,1616.7,5,1.82,1.611,0.0,2.406,1.573,-6.246,2.72,-1.115,1.0341,0,1,74031,276,6.811712265014648,0.9374366402626038,13.015609417061103,151.84149169921875,5.370752515816039,0.0
IMG_000011.JPG,2026-07-16T13:26:08Z,42.6398857,77.0737975,1616.7,5,1.82,1.352,0.0,2.898,1.008,0.372,-2.959,-0.772,1.0483,1,1,70801,268,5.91705322265625,0.7295559644699097,12.452043748020492,156.2485555013021,5.223418101553384,0.0
IMG_000012.JPG,2026-07-16T13:26:09Z,42.6398837,77.0737915,1616.7,5,1.82,1.741,0.0,5.08,0.637,-5.734,0.521,-1.474,1.0469,0,1,70698,258,6.074195861816406,0.777022123336792,12.606220113014949,155.8696492513021,5.225025936525206,0.0
IMG_000013.JPG,2026-07-16T13:26:46Z,42.6399365,77.0738192,1614.1,5,1.82,0.148,0.0,3.852,0.33,-1.292,-12.86,4.68,1.0777,0,1,74419,286,6.5797438621521,0.8694403171539307,11.560354320499133,146.08880615234375,5.218228212413822,0.0
IMG_000014.JPG,2026-07-16T13:26:47Z,42.6399365,77.073818,1614.3,5,1.82,0.296,0.0,3.977,1.988,-1.826,-6.845,-6.091,1.0534,0,1,73130,267,6.57406759262085,0.841421365737915,10.434450187441886,147.6015421549479,5.061736399935966,0.0
IMG_000015.JPG,2026-07-16T13:26:48Z,42.6399327,77.0738197,1614.3,5,1.82,0.407,0.0,3.431,0.851,-1.322,7.43,-10.587,1.0195,0,1,74244,280,6.7223052978515625,0.9889197945594788,13.412271241115745,151.53633626302084,5.3995984550795315,0.0
IMG_000016.JPG,2026-07-16T13:26:49Z,42.6399263,77.0738235,1614.3,5,1.82,0.889,0.0,3.215,1.082,-2.956,-7.257,-6.671,1.0085,0,1,74318,283,6.662180423736572,0.8260300755500793,11.256432001878832,145.8845011393229,5.150673791805171,0.0
IMG_000017.JPG,2026-07-16T13:26:51Z,42.6399178,77.0738227,1614.3,5,1.82,1.408,0.0,2.204,1.913,-4.337,3.895,-2.045,1.0222,0,1,74332,281,6.9064621925354,0.9248342514038086,11.076831628671128,151.6652628580729,5.07489964609833,0.0
IMG_000018.JPG,2026-07-16T13:26:52Z,42.6399113,77.0738217,1614.3,5,1.82,1.963,0.0,3.492,0.911,0.525,5.124,-2.893,1.0302,1,1,74145,279,6.688666820526123,0.8862258791923523,11.732093454625229,153.008544921875,5.179636195192118,0.0
IMG_000019.JPG,2026-07-16T13:26:53Z,42.6399073,77.0738183,1614.3,5,1.82,1.704,0.0,3.788,0.622,-2.124,-5.196,-3.068,1.0712,0,1,74294,281,6.630383014678955,0.8498542308807373,11.57473261292901,155.2057902018229,5.205221410712113,0.0
IMG_000020.JPG,2026-07-16T13:26:54Z,42.6399048,77.0738133,1614.3,5,1.82,2.0,0.0,2.794,2.172,-3.063,-3.341,0.375,1.0367,1,1,73796,271,6.550079345703125,0.9761675000190735,8.464709554813492,147.29168701171875,4.774896999805528,0.0
IMG_000021.JPG,2026-07-16T13:26:55Z,42.6399002,77.0738092,1614.3,5,1.82,1.815,0.0,3.079,1.911,1.403,-5.272,-2.045,1.0386,1,1,74281,275,6.719750881195068,1.054476261138916,14.29989447888209,154.38916015625,5.465980792970231,0.0
IMG_000022.JPG,2026-07-16T13:26:57Z,42.639892,77.0738035,1614.4,5,1.82,1.889,0.0,3.488,1.8,4.243,-2.112,-2.061,1.0411,1,1,73703,269,6.417167663574219,0.8104661703109741,11.619844667355709,151.51570638020834,5.030472441006957,0.0
IMG_000023.JPG,2026-07-16T13:26:58Z,42.6398877,77.0738,1614.4,5,1.82,1.889,0.0,3.563,1.765,-0.086,0.873,-1.45,1.0357,1,1,71965,269,6.4130120277404785,0.80116868019104,12.790328444562817,157.92041015625,5.276694604914034,0.0
IMG_000024.JPG,2026-07-16T13:26:59Z,42.639884,77.0737972,1614.4,5,1.82,1.833,0.0,3.389,1.503,-3.353,1.521,-1.916,1.0284,1,1,71008,269,5.8069748878479,0.7272451519966125,11.897450968912938,156.1646728515625,5.148655306619569,0.0
IMG_000025.JPG,2026-07-16T13:27:00Z,42.6398827,77.0737907,1614.4,5,1.82,1.519,0.0,5.04,1.145,-2.841,0.987,0.138,1.0554,0,1,69934,267,5.682591915130615,0.7139962911605835,12.651850666119515,159.2774454752604,5.2155855313416275,0.0
IMG_000026.JPG,2026-07-16T13:27:01Z,42.6398825,77.0737793,1614.3,5,1.82,1.63,0.0,3.539,2.059,-5.315,5.018,-0.267,1.0114,0,1,69687,259,5.433534145355225,0.714931309223175,11.845895502356353,155.16361490885416,5.188499222340844,0.0
IMG_000027.JPG,2026-07-16T13:27:02Z,42.6398832,77.0737715,1614.3,5,1.82,1.741,0.0,4.845,1.091,1.449,1.308,0.878,1.0566,1,1,69849,260,5.4306321144104,0.715358316898346,11.249379567121712,150.60579427083334,5.072502104977509,0.0
IMG_000028.JPG,2026-07-16T13:27:04Z,42.639879,77.0737607,1614.2,5,1.82,1.315,0.0,4.287,1.521,8.815,-3.364,2.115,1.0541,0,1,69922,268,5.526769638061523,0.7047233581542969,9.473357347562347,146.6843465169271,4.871572168756547,0.0
IMG_000029.JPG,2026-07-16T13:27:05Z,42.6398793,77.0737545,1614.2,5,1.82,1.445,0.0,3.765,1.579,-6.666,5.781,3.962,1.0392,0,1,70340,270,5.772326946258545,0.7057823538780212,8.980179057109323,147.65289306640625,4.80022561906206,0.0
IMG_000030.JPG,2026-07-16T13:27:06Z,42.6398792,77.0737508,1614.1,5,1.82,1.222,0.0,5.837,0.84,3.113,3.124,2.413,1.0639,0,1,72083,270,5.9773712158203125,0.7920407056808472,11.332728274450384,147.27103678385416,5.109750602194246,0.0
IMG_000031.JPG,2026-07-16T13:27:07Z,42.6398803,77.073744,1614.1,5,1.82,3.0,0.0,4.393,1.636,7.014,-3.356,4.359,1.0721,0,1,72078,262,6.357378005981445,0.7886239886283875,10.038607902455293,148.0035603841146,4.919667137932242,0.0
IMG_000032.JPG,2026-07-16T13:27:08Z,42.6398747,77.0737447,1614.1,5,1.82,0.611,0.0,4.318,1.293,1.914,1.499,4.917,1.0505,1,1,72228,265,6.337550640106201,0.8320334553718567,10.707895544580436,151.61946614583334,5.100868584408152,0.0
IMG_000033.JPG,2026-07-16T13:27:10Z,42.639866,77.0737515,1614.1,5,1.82,1.333,0.0,3.99,1.988,1.609,7.3,4.023,1.022,0,1,71121,272,5.877078533172607,0.8472680449485779,10.843841126969368,153.35489908854166,5.09034835246468,0.0
IMG_000034.JPG,2026-07-16T13:27:11Z,42.6398578,77.0737568,1614.1,5,1.82,1.704,0.0,1.623,2.21,-6.902,0.193,4.863,1.047,0,1,69992,270,5.46328592300415,0.8168485760688782,6.166882028147051,140.27691650390625,4.188004875967487,0.0
IMG_000035.JPG,2026-07-16T13:27:12Z,42.639855,77.0737562,1614.1,5,1.82,1.352,0.0,3.434,0.98,2.716,-1.334,-2.679,1.0098,1,1,73237,272,6.466977596282959,1.041733741760254,10.722453100487726,149.7358194986979,5.087518014021039,0.0
IMG_000036.JPG,2026-07-16T13:27:13Z,42.6398488,77.0737585,1614.1,5,1.82,3.204,0.0,4.115,1.211,-1.795,3.903,-1.503,1.0238,1,1,73959,275,6.81328821182251,0.9401071667671204,10.18689406887132,147.03019205729166,5.039361276500256,0.0
IMG_000037.JPG,2026-07-16T13:27:15Z,42.6398428,77.0737517,1614.1,5,1.82,2.556,0.0,3.808,0.631,-4.994,-2.188,-2.473,1.0332,1,1,77219,280,7.151086330413818,1.087188482284546,15.214949519405014,156.7865193684896,5.432659470686836,0.0
IMG_000038.JPG,2026-07-16T13:27:16Z,42.6398313,77.0737553,1614.1,5,1.82,2.852,0.0,4.689,0.937,-7.643,-0.463,-2.389,1.025,0,1,77712,278,7.357602596282959,1.1235066652297974,11.091234994227486,148.47430419921875,5.079356054681411,0.0
IMG_000039.JPG,2026-07-16T13:27:17Z,42.63982,77.0737617,1614.1,5,1.82,3.297,0.0,3.312,1.156,5.693,-3.25,-3.633,1.0642,1,1,80980,305,7.9334869384765625,1.5107975006103516,12.247289952247579,150.376708984375,5.305853442928008,0.0
IMG_000040.JPG,2026-07-16T13:27:18Z,42.6398185,77.0737605,1614.1,5,1.82,1.593,0.0,4.297,0.741,1.35,-4.127,-3.74,1.0323,0,1,81640,299,7.82909631729126,1.527387261390686,12.00380347616131,142.7020467122396,5.25227842275663,0.0
IMG_000041.JPG,2026-07-16T13:27:19Z,42.6398193,77.0737548,1614.1,5,1.82,2.222,0.0,3.801,1.528,-2.17,-1.723,0.344,1.044,1,1,91175,348,8.976334571838379,1.991298794746399,17.163121105741087,135.1419474283854,5.3764606310328045,0.0016072591145833333
IMG_000042.JPG,2026-07-16T13:27:21Z,42.6398108,77.0737433,1614.0,5,1.82,1.759,0.0,2.106,2.246,-3.192,2.399,2.001,1.0517,1,1,88729,325,8.75633716583252,1.7214329242706299,14.608759721466013,144.85675048828125,5.585637182487617,0.0
IMG_000043.JPG,2026-07-16T13:27:22Z,42.6398095,77.0737345,1614.0,5,1.81,1.593,0.0,3.035,2.034,-0.681,-2.15,1.84,1.0555,1,1,89017,327,8.451735496520996,1.61794114112854,17.200314807596484,132.50077311197916,5.640422637172073,0.0003662109375
IMG_000044.JPG,2026-07-16T13:27:23Z,42.639812,77.073722,1614.0,5,1.81,2.611,0.0,5.759,0.611,0.205,-3.372,-1.77,1.0447,0,1,88781,327,8.998063087463379,2.098824977874756,23.59592546323123,164.4581502278646,6.276706504040814,0.0
IMG_000045.JPG,2026-07-16T13:30:56Z,42.6398965,77.0738185,1616.1,7,1.28,0.13,309.82,-0.045,1.035,2.235,5.972,2.44,1.0352,0,1,72726,275,6.462110996246338,0.776390790939331,10.965532254569888,154.36236572265625,5.125077504658597,0.0
IMG_000046.JPG,2026-07-16T13:30:57Z,42.6398972,77.0738193,1615.7,7,1.28,0.148,309.82,-0.851,-3.479,0.518,-2.998,-5.697,1.0649,0,1,72992,275,6.47887659072876,0.7687788605690002,11.909124566100466,147.63614908854166,5.164225826979367,0.0
IMG_000047.JPG,2026-07-16T13:30:58Z,42.6398965,77.073819,1615.7,7,1.28,0.537,309.82,-1.004,-3.525,1.067,0.483,-10.575,1.0642,0,1,73865,286,6.537442684173584,0.7895412445068359,14.347090530894803,155.2021280924479,5.481010774053332,0.0
IMG_000048.JPG,2026-07-16T13:30:59Z,42.6398953,77.0738192,1615.7,7,1.28,0.5,309.82,0.135,-3.07,-1.345,-9.028,-10.972,1.0755,0,1,73657,269,6.285211086273193,0.8643052577972412,8.923706209611542,140.99125162760416,4.717119363632686,0.0
IMG_000049.JPG,2026-07-16T13:31:01Z,42.6398912,77.073819,1615.6,7,1.28,1.333,309.82,-1.127,-2.443,9.281,-9.479,-11.278,1.1169,0,1,72918,267,6.244121551513672,0.7536666989326477,9.938782187299132,144.63114420572916,4.969462409801286,0.0
IMG_000050.JPG,2026-07-16T13:31:02Z,42.6398883,77.0738192,1615.3,7,1.28,1.204,309.82,2.658,-3.182,-2.108,-7.143,-8.239,1.0771,0,1,74503,289,6.8176960945129395,0.8881840705871582,14.033702787454235,159.7503458658854,5.494337582312517,0.0
IMG_000051.JPG,2026-07-16T13:31:03Z,42.6398853,77.073818,1615.3,7,1.28,1.519,309.82,0.583,-2.525,-0.65,6.521,-5.972,1.0254,0,1,74611,289,6.74543571472168,0.8551156520843506,16.921427184237718,159.6739298502604,5.7045148316335155,0.0
IMG_000052.JPG,2026-07-16T13:31:04Z,42.639882,77.0738152,1615.3,7,1.28,1.167,309.82,0.97,-1.967,0.365,4.155,-5.148,1.0452,1,1,75775,289,6.940152645111084,0.9613013863563538,19.50229992787117,160.1397501627604,5.928522482932496,0.0
IMG_000053.JPG,2026-07-16T13:31:06Z,42.6398823,77.0738003,1615.3,7,1.28,2.408,309.82,2.254,-1.332,0.319,2.178,-4.758,1.0461,0,1,71784,286,6.033959865570068,0.7534172534942627,15.490910266835341,159.18548583984375,5.610774278905403,0.0
IMG_000054.JPG,2026-07-16T13:31:07Z,42.6398817,77.0737962,1615.3,7,1.28,1.722,309.82,2.17,-1.562,7.082,-6.074,-3.43,1.0589,0,1,71835,277,6.097619533538818,0.7824117541313171,12.286784250459249,150.8983357747396,5.250196247116457,0.0
IMG_000055.JPG,2026-07-16T13:31:08Z,42.6398803,77.0737865,1615.2,7,1.28,2.093,309.82,1.677,-0.809,8.853,-3.036,-0.888,1.024,0,1,73034,269,6.591405868530273,0.9167359471321106,13.157794111584368,154.7552693684896,5.381438428010497,0.0
IMG_000056.JPG,2026-07-16T13:31:09Z,42.6398768,77.0737807,1615.3,7,1.28,1.833,309.82,2.439,-1.171,2.059,0.75,2.318,1.0165,0,1,73157,269,6.281431674957275,0.9803195595741272,14.620945860671114,154.0720011393229,5.447736966791828,0.0
IMG_000057.JPG,2026-07-16T13:32:01Z,42.6398748,77.07379,1612.1,7,1.27,1.445,97.37,-0.574,-1.43,4.159,-4.998,-7.575,1.0537,0,1,73250,278,6.373167037963867,0.9182335138320923,11.662190583921179,145.2479248046875,5.132013998170977,0.0
IMG_000058.JPG,2026-07-16T13:32:03Z,42.6398717,77.0737833,1612.0,7,1.27,1.0,97.37,-2.688,-0.78,-5.864,0.308,-6.911,1.0377,0,1,73025,278,6.3281989097595215,0.8462477922439575,11.383530861583951,156.4813232421875,5.089777833262318,0.0
IMG_000059.JPG,2026-07-16T13:32:04Z,42.6398758,77.0737768,1612.0,7,1.27,1.278,97.37,-1.49,-1.223,4.182,0.895,-5.178,1.0389,1,1,73275,279,6.520566463470459,1.0466786623001099,11.105173887724574,152.5726114908854,5.172135287804868,0.0
IMG_000060.JPG,2026-07-16T13:34:23Z,42.6399018,77.0737455,1611.6,7,1.27,0.315,46.89,-1.175,-1.43,0.701,-2.845,-7.233,1.0667,1,1,76902,294,7.171080112457275,0.7973179221153259,11.69669661834108,147.39483642578125,5.19182306425296,0.0
IMG_000061.JPG,2026-07-16T13:34:24Z,42.639903,77.0737458,1611.4,8,1.27,1.685,46.89,-0.192,-0.647,-2.391,-1.105,4.996,1.0416,1,1,77193,283,7.249053955078125,0.8698931932449341,12.95821959118471,153.2510782877604,5.358141734297321,0.0
IMG_000062.JPG,2026-07-16T13:34:26Z,42.6399002,77.0737443,1611.3,8,1.27,2.593,81.18,0.132,-2.846,4.869,-3.028,1.691,1.0476,1,1,77001,283,7.28933572769165,0.8101310133934021,12.10674859251943,149.55743408203125,5.251705093581667,0.0
IMG_000063.JPG,2026-07-16T13:34:27Z,42.6398985,77.0737493,1611.1,8,1.27,2.852,81.18,-0.364,-1.661,0.418,0.392,0.065,1.0381,1,1,76589,292,7.183691501617432,0.8166064620018005,11.94903913240093,156.752197265625,5.272952132100032,0.0
IMG_000064.JPG,2026-07-16T13:34:28Z,42.639893,77.073753,1611.1,8,1.27,1.796,81.18,-0.567,-1.055,2.174,-3.616,-1.386,1.0543,1,1,76788,295,7.378889560699463,0.8740061521530151,13.176014965646148,154.38285319010416,5.384552602460868,0.0
IMG_000065.JPG,2026-07-16T13:34:29Z,42.6398873,77.0737548,1610.8,8,1.27,1.833,81.18,-0.919,-0.37,-4.147,-2.41,-0.928,1.0317,1,1,75112,293,6.986509799957275,1.0091933012008667,9.339092474552793,146.18766276041666,4.844133518227048,0.0
IMG_000066.JPG,2026-07-16T13:34:30Z,42.6398838,77.0737515,1610.8,8,1.27,2.111,81.18,-0.478,-1.714,0.266,-0.021,-4.996,1.0424,1,1,74112,292,6.747981548309326,0.8453996777534485,10.635071070324434,152.1195068359375,4.911376485452483,0.0
IMG_000067.JPG,2026-07-16T13:34:31Z,42.6398802,77.0737488,1610.7,8,1.27,2.908,81.18,-0.682,-0.939,-4.574,4.537,-1.47,1.0218,1,1,75103,293,7.0149712562561035,0.9778949022293091,10.888758468834805,143.7573038736979,5.0912968827963985,0.0
IMG_000068.JPG,2026-07-16T13:34:33Z,42.6398682,77.0737495,1610.6,8,1.26,3.278,81.18,-0.448,-1.388,-6.299,-0.501,-2.66,1.0264,0,1,80711,311,7.756758213043213,1.9257663488388062,13.702692618759347,156.1546427408854,5.486612934447865,0.0
IMG_000069.JPG,2026-07-16T13:34:34Z,42.639863,77.0737462,1610.6,8,1.26,2.204,81.18,-0.748,-0.825,2.403,1.567,0.202,1.0238,1,1,85168,323,8.56956958770752,1.4210938215255737,11.554520625617531,145.93048095703125,5.228680029954896,0.0
IMG_000070.JPG,2026-07-16T13:34:35Z,42.639862,77.0737393,1610.6,8,1.26,0.519,81.18,-0.641,-0.409,-2.742,-0.952,-1.309,1.0226,1,1,86961,334,8.752169609069824,1.5933204889297485,15.385484946184851,150.1292724609375,5.549590780563688,0.0008951822916666666
IMG_000071.JPG,2026-07-16T13:36:36Z,42.6398203,77.0737315,1612.6,8,1.04,0.278,51.61,-0.54,-1.827,6.823,-3.036,2.46,1.0438,0,1,70842,281,5.687775135040283,0.8369536399841309,11.54562972039648,150.87198893229166,5.101091209437578,0.0
IMG_000072.JPG,2026-07-16T13:36:38Z,42.63982,77.0737317,1612.6,8,1.04,0.407,51.61,-0.98,-1.786,-0.269,-5.105,-0.456,1.0611,1,1,70632,281,5.7968058586120605,0.7732275724411011,11.2494085019338,152.1878865559896,5.063135102327557,0.0
IMG_000073.JPG,2026-07-16T13:36:39Z,42.6398188,77.0737303,1612.6,8,1.04,1.352,51.61,-1.144,-0.574,-4.017,4.3,-0.052,1.0273,1,1,70614,273,5.743093967437744,0.8529471158981323,11.864549213959865,158.03621419270834,5.157066489954598,0.0
IMG_000074.JPG,2026-07-16T13:36:40Z,42.6398162,77.073728,1612.6,8,1.04,1.556,51.61,-0.683,-0.87,0.624,0.773,-0.578,1.0511,1,1,69638,271,5.53298807144165,0.7811424732208252,10.532996803929853,151.5123087565104,5.056449030935935,0.0
IMG_000075.JPG,2026-07-16T13:36:41Z,42.639813,77.0737247,1612.5,8,1.04,1.648,51.61,-0.052,-2.245,-0.597,5.689,-0.319,1.0547,0,1,69607,270,5.397880554199219,0.75486159324646,11.074574168659863,155.1237996419271,4.95575724770845,0.0
IMG_000076.JPG,2026-07-16T13:36:42Z,42.6398105,77.07372,1612.4,8,1.04,1.741,51.61,-1.121,-2.005,-0.231,-3.685,-0.342,1.0669,0,1,69953,281,5.724542140960693,0.7464799880981445,12.470093463903929,157.0518595377604,5.22061774071765,0.0
IMG_000077.JPG,2026-07-16T13:36:44Z,42.6398048,77.0737102,1612.5,8,1.04,1.759,51.61,-0.094,-1.693,1.556,-0.524,-0.555,1.0356,0,1,69144,272,5.396278381347656,0.7238296270370483,12.148985846455282,155.3272908528646,5.17653414388108,0.0
IMG_000078.JPG,2026-07-16T13:36:45Z,42.6398015,77.0737063,1612.6,8,1.04,1.852,51.61,-0.529,-1.548,-0.223,-1.837,-0.227,1.0147,1,1,69366,261,5.124057292938232,0.6926175951957703,10.47876662899478,156.13834635416666,4.934729737039999,0.0
IMG_000079.JPG,2026-07-16T13:36:46Z,42.6397983,77.073702,1613.2,8,1.04,2.963,51.61,-1.818,-0.715,-2.032,3.483,1.696,1.0314,0,1,69472,270,5.394581317901611,0.7374270558357239,10.887769749576355,152.88199869791666,5.030168731596687,0.0
IMG_000080.JPG,2026-07-16T13:36:47Z,42.6397962,77.0736957,1613.3,8,1.04,1.852,51.61,-0.822,-1.115,-0.307,7.644,2.422,1.0239,0,1,69561,273,5.2305378913879395,0.7180947065353394,11.231401436964761,159.53971354166666,5.075640518392482,0.0
IMG_000081.JPG,2026-07-16T13:36:48Z,42.6397938,77.0736903,1613.3,8,1.04,1.926,51.61,-0.997,0.049,-4.322,-1.921,5.635,1.0246,0,1,69071,263,4.9190497398376465,0.6867833137512207,9.459649084019617,151.23075358072916,4.853369099498181,0.0
IMG_000082.JPG,2026-07-16T13:36:50Z,42.639786,77.073685,1613.3,8,1.04,2.926,51.61,0.265,-0.981,2.067,-3.082,5.353,1.0787,1,1,68990,263,5.0667195320129395,0.6845885515213013,9.319546547853161,149.6596476236979,4.823993595302365,0.0
IMG_000083.JPG,2026-07-16T13:36:51Z,42.6397818,77.073681,1613.5,8,1.04,2.574,51.61,0.237,-1.292,-7.009,8.033,2.849,1.0191,0,1,68850,271,4.961452960968018,0.6726774573326111,9.145694325714215,148.1180216471354,4.788005766247714,0.0
IMG_000084.JPG,2026-07-16T13:36:52Z,42.6397792,77.0736737,1613.5,8,1.04,1.611,51.61,-0.367,-1.23,3.571,-7.753,2.086,1.1014,0,1,68911,273,4.97903299331665,0.6971152424812317,9.631560748329209,147.79736328125,4.884969639068977,0.0
IMG_000085.JPG,2026-07-16T13:36:53Z,42.6397747,77.0736677,1613.6,8,1.04,2.111,51.61,-0.339,-0.13,1.067,1.186,3.345,1.0559,1,1,69095,266,4.946761608123779,0.7046587467193604,8.716507825404621,145.34747314453125,4.593376642444479,0.0
IMG_000086.JPG,2026-07-16T13:36:54Z,42.6397708,77.0736657,1613.6,8,1.04,2.0,51.61,-0.707,-0.5,-4.093,-0.28,4.91,1.0723,1,1,69004,273,4.993968963623047,0.7109000086784363,9.001208007117082,148.3428955078125,4.76188834209519,0.0
IMG_000087.JPG,2026-07-16T13:36:56Z,42.6397658,77.0736547,1613.7,8,1.04,1.815,51.61,-0.015,-0.011,3.853,-3.86,3.315,1.0454,1,1,69244,273,5.24523401260376,0.7088587880134583,10.45949140454156,153.70709228515625,4.972481559411172,0.0
IMG_000088.JPG,2026-07-16T13:36:57Z,42.639763,77.073649,1613.7,8,1.04,2.296,51.61,-0.433,0.224,-3.811,-9.082,5.765,1.0864,0,1,68645,264,4.904624938964844,0.6845151782035828,10.123896397385712,150.17919921875,4.942854867606654,0.0
IMG_000089.JPG,2026-07-16T13:36:58Z,42.6397577,77.0736463,1613.7,8,1.04,2.019,51.61,-0.475,0.02,3.792,-1.364,4.574,1.0445,1,1,68780,264,5.079359531402588,0.7179543972015381,9.769625195747185,149.21185302734375,4.870404545995948,0.0
IMG_000090.JPG,2026-07-16T13:36:59Z,42.6397522,77.0736448,1613.8,8,1.04,2.222,51.61,0.475,-0.597,-2.131,0.789,4.842,1.0176,1,1,68959,273,4.905642032623291,0.7055416107177734,12.41951272096601,157.25691731770834,5.227215621578913,0.0
IMG_000091.JPG,2026-07-16T13:37:00Z,42.6397463,77.0736438,1613.8,8,1.04,1.574,51.61,0.342,-0.818,-0.818,-0.769,3.948,1.0314,1,1,69031,276,5.016622543334961,0.6930177211761475,11.643029756302361,158.4937744140625,5.141103451003356,0.0
IMG_000092.JPG,2026-07-16T13:37:18Z,42.6397043,77.0736625,1614.0,8,1.04,0.945,107.61,0.493,-0.055,-11.177,-1.654,-1.533,1.0359,0,1,69184,265,5.076484680175781,0.6781322360038757,7.737731207949513,150.7620646158854,4.509768960514085,0.0
IMG_000093.JPG,2026-07-16T13:37:19Z,42.6397027,77.0736635,1614.2,8,1.04,0.907,107.61,-0.281,-0.39,4.289,0.201,-7.174,1.0263,1,1,69433,274,5.045370578765869,0.6823223829269409,9.670816846624886,155.1749267578125,4.841342003864937,0.0
IMG_000094.JPG,2026-07-16T13:37:21Z,42.6396987,77.0736648,1614.4,8,1.04,1.056,107.61,-1.473,-0.847,-3.505,-3.883,-3.281,1.0388,1,1,69251,274,5.057085037231445,0.6731942296028137,7.812237208291104,153.07071940104166,4.6056170291467655,0.0
IMG_000095.JPG,2026-07-16T13:37:22Z,42.639696,77.0736662,1614.8,8,1.04,0.945,107.61,-1.777,-1.275,-1.002,2.651,-1.708,1.0218,1,1,69389,265,5.055748462677002,0.6810050010681152,9.45993198210817,156.01920572916666,4.852698778829609,0.0
IMG_000096.JPG,2026-07-16T13:37:23Z,42.6396928,77.0736683,1614.8,8,1.04,1.37,107.61,-0.106,-1.305,0.189,-1.211,-0.83,1.0474,1,1,69308,281,5.191725730895996,0.6772541403770447,8.297412228318166,155.89176432291666,4.6871487164162655,0.0
IMG_000097.JPG,2026-07-16T13:37:24Z,42.6396887,77.0736725,1614.6,8,1.04,1.704,107.61,-0.767,-0.821,-3.895,-1.578,1.742,1.0529,1,1,69411,275,5.17132043838501,0.68136066198349,8.92154286961581,155.5661824544271,4.7570388608049505,0.0
IMG_000098.JPG,2026-07-16T13:37:25Z,42.6396843,77.0736785,1614.2,8,1.04,2.556,107.61,-0.01,-0.381,-1.353,-1.944,-1.571,1.0403,1,1,69375,276,5.225306510925293,0.6743946671485901,9.152099182591297,156.91510009765625,4.798220910501419,0.0
IMG_000099.JPG,2026-07-16T13:37:27Z,42.6396748,77.0736847,1614.1,8,1.04,4.037,131.84,-0.714,-0.109,0.304,-4.272,-0.616,1.0473,1,1,68824,267,4.978944301605225,0.6664680242538452,8.432353580362223,151.6954345703125,4.689415187706307,0.0
IMG_000100.JPG,2026-07-16T13:37:28Z,42.6396718,77.073686,1614.1,8,1.04,1.908,131.84,-0.662,-1.131,-4.063,-5.326,1.086,1.0433,0,1,68702,276,4.9609246253967285,0.6580482125282288,9.227261662921274,150.0318400065104,4.808597246311701,0.0
IMG_000101.JPG,2026-07-16T13:37:29Z,42.6396682,77.0736882,1614.1,8,1.04,1.833,131.84,-1.298,-2.095,-8.444,-5.662,4.032,1.0891,0,1,68743,278,4.923719882965088,0.6572385430335999,9.075881493661626,147.845458984375,4.782431958512886,0.0
IMG_000102.JPG,2026-07-16T13:37:30Z,42.639661,77.0736858,1614.3,8,1.04,2.093,135.15,-0.896,-1.129,6.51,1.43,-0.594,1.0276,0,1,68897,268,4.82129430770874,0.663616418838501,10.044949028071894,153.921875,4.886586867922735,0.0
IMG_000103.JPG,2026-07-16T13:37:32Z,42.6396483,77.0736862,1614.3,8,1.04,2.037,144.69,-0.332,-0.867,4.953,0.453,-0.51,1.0198,1,1,68858,268,4.959453105926514,0.6658142805099487,9.95645251160863,154.2407430013021,4.9052621183786025,0.0
IMG_000104.JPG,2026-07-16T13:37:33Z,42.6396445,77.073689,1614.3,8,1.04,1.852,148.51,-0.868,-0.96,1.769,-0.257,0.994,1.0389,1,1,68985,277,4.850725173950195,0.6626405119895935,9.25862291384113,153.4094034830729,4.805665588439772,0.0
IMG_000105.JPG,2026-07-16T13:37:34Z,42.6396388,77.0736877,1614.5,8,1.04,1.945,152.38,-0.293,-0.154,3.35,-0.738,-0.853,1.0389,1,1,68847,283,5.095803737640381,0.6658427715301514,8.149301606856227,153.09619140625,4.582086650873446,0.0
IMG_000106.JPG,2026-07-16T13:37:35Z,42.6396343,77.0736875,1614.5,8,1.04,2.037,155.25,-0.443,-0.117,-9.643,-9.349,2.307,1.0674,0,1,68962,268,4.780487537384033,0.660673201084137,9.209837276372037,154.74336751302084,4.7840353334274806,0.0
IMG_000107.JPG,2026-07-16T13:37:37Z,42.6396245,77.0736863,1614.7,8,1.04,1.741,162.01,1.214,0.303,1.197,4.728,0.3,1.0196,0,1,68916,278,4.816089153289795,0.6584486961364746,9.117567950547032,153.77958170572916,4.744039631955902,0.0
IMG_000108.JPG,2026-07-16T13:37:38Z,42.6396193,77.0736862,1614.5,8,1.04,1.908,165.42,-2.727,-2.652,-6.284,1.903,2.124,1.0221,0,1,69007,278,4.738290309906006,0.6563226580619812,10.82554717827706,153.08026123046875,5.026217316100486,0.0
IMG_000109.JPG,2026-07-16T13:37:39Z,42.639614,77.0736853,1614.5,8,1.04,1.926,168.02,-1.15,-1.714,-2.666,-6.021,0.933,1.0586,0,1,69151,269,4.771454334259033,0.665677547454834,10.849630122828263,155.39286295572916,5.047239437663704,0.0
IMG_000110.JPG,2026-07-16T13:37:40Z,42.6396093,77.0736842,1614.5,8,1.04,2.111,169.99,-0.675,-2.616,-3.49,-8.868,0.903,1.1029,0,1,69053,269,4.9421210289001465,0.6720538139343262,9.660065013033705,154.5441691080729,4.869960500055911,0.0
IMG_000111.JPG,2026-07-16T13:37:42Z,42.639599,77.0736815,1614.6,8,1.04,1.889,173.33,0.089,-0.978,-6.17,-5.509,0.368,1.0655,0,1,68726,278,4.66913366317749,0.650126576423645,9.239687456976405,152.92264811197916,4.744139852840538,0.0
IMG_000112.JPG,2026-07-16T13:37:43Z,42.6395942,77.0736803,1614.5,8,1.04,2.074,174.77,-0.919,0.499,-4.857,-6.753,2.765,1.0477,0,1,68695,281,4.731627464294434,0.662743091583252,9.51464340080796,156.2070515950521,4.842316613302533,0.0
IMG_000113.JPG,2026-07-16T13:37:44Z,42.6395895,77.0736792,1614.4,8,1.04,2.13,176.66,-1.657,-0.881,-3.49,0.903,0.628,1.02,0,1,68747,271,4.73366117477417,0.6608432531356812,9.78081151318308,158.45682779947916,4.894811556910002,0.0
IMG_000114.JPG,2026-07-16T13:37:45Z,42.6395855,77.073677,1614.5,8,1.04,1.926,177.8,-0.458,-2.512,-7.49,0.521,-0.395,1.0107,0,1,68825,280,4.837405204772949,0.665693461894989,10.07271899928812,158.41133626302084,4.911392648789874,0.0
IMG_000115.JPG,2026-07-16T13:37:46Z,42.6395808,77.0736738,1614.5,8,1.04,1.871,177.8,-0.793,-2.246,5.037,-8.188,-1.365,1.0545,0,1,68267,284,4.4805755615234375,0.6519355177879333,9.48706896459577,150.36665852864584,4.84126822621294,0.0
IMG_000116.JPG,2026-07-16T13:37:48Z,42.6395722,77.0736687,1614.6,8,1.04,1.815,177.8,-0.702,-1.706,-6.116,-1.112,1.277,1.0313,0,1,68524,271,4.692747592926025,0.664181113243103,10.517373614131758,152.7175496419271,4.975716122004126,0.0
IMG_000117.JPG,2026-07-16T13:37:49Z,42.6395675,77.073666,1614.5,8,1.04,2.056,177.8,-1.71,-0.839,-2.33,-4.845,-0.639,1.0514,0,1,68399,273,4.573820114135742,0.6558571457862854,9.708655029961216,153.74637858072916,4.870680919476533,0.0
IMG_000118.JPG,2026-07-16T13:37:50Z,42.6395627,77.0736637,1614.4,8,1.04,2.093,177.8,0.358,-2.18,5.579,0.308,-1.533,1.0508,0,1,68334,281,4.556092262268066,0.6552678942680359,10.252737408075726,154.1042683919271,4.941677036296374,0.0
IMG_000119.JPG,2026-07-16T13:37:51Z,42.6395595,77.0736598,1614.4,8,1.04,2.074,177.8,-0.422,-0.407,1.869,-3.959,0.964,1.0404,1,1,68269,281,4.475963115692139,0.6430060863494873,8.843705691289118,152.71158854166666,4.72722985602053,0.0
IMG_000120.JPG,2026-07-16T13:37:52Z,42.6395567,77.0736558,1614.5,8,1.04,1.908,177.8,-0.393,-1.122,-3.185,-1.822,0.315,1.055,0,1,68356,272,4.596934795379639,0.6525915861129761,9.544980192495242,154.0561726888021,4.837591872305188,0.0
IMG_000121.JPG,2026-07-16T13:37:54Z,42.639548,77.0736508,1614.3,8,1.04,2.334,177.8,-0.267,-1.794,1.105,-9.288,-1.968,1.0705,0,1,68342,281,4.505133152008057,0.6411638259887695,9.344042284645658,152.8614501953125,4.800513804692159,0.0
IMG_000122.JPG,2026-07-16T13:37:55Z,42.6395453,77.0736513,1614.2,8,1.04,2.222,177.8,-0.599,-1.701,-0.017,1.208,-0.174,1.0199,0,1,68389,280,4.507286548614502,0.6585322022438049,10.605621972488604,153.04720052083334,4.980578381504198,0.0
IMG_000123.JPG,2026-07-16T13:37:56Z,42.6395445,77.0736497,1614.0,8,1.04,1.926,177.8,-1.535,-0.814,3.174,-2.776,-0.174,1.0391,1,1,68325,273,4.608349323272705,0.6576021909713745,10.096595010794804,154.75858561197916,4.932205048657235,0.0
IMG_000124.JPG,2026-07-16T13:37:57Z,42.6395458,77.0736463,1613.8,8,1.04,1.296,177.8,-1.385,0.25,0.983,-2.837,1.971,1.0472,0,1,68464,273,4.544415473937988,0.6590745449066162,9.621067840242537,155.45540364583334,4.8555680364580525,0.0
IMG_000125.JPG,2026-07-16T13:37:59Z,42.639541,77.0736398,1613.6,8,1.04,2.574,177.8,-1.667,0.748,1.121,-0.494,2.071,1.0262,0,1,68409,282,4.567391395568848,0.6498028039932251,9.785183083976928,156.36189778645834,4.882712295830327,0.0
IMG_000126.JPG,2026-07-16T13:38:00Z,42.6395385,77.0736333,1613.5,8,1.04,2.537,177.8,-1.283,0.34,-6.811,5.468,2.788,1.0062,0,1,68387,282,4.654847621917725,0.6569696068763733,8.943046273781869,155.04634602864584,4.75390947956818,0.0
IMG_000127.JPG,2026-07-16T13:38:01Z,42.6395363,77.0736263,1613.5,9,0.92,1.852,177.8,-0.512,-0.794,-7.544,8.331,0.292,1.0144,0,1,68318,273,4.501616954803467,0.6522387266159058,10.396016799011646,154.5859578450521,4.94874917678869,0.0
IMG_000128.JPG,2026-07-16T13:38:02Z,42.6395343,77.0736182,1613.6,9,0.92,1.704,177.8,-1.08,-1.411,5.059,-5.631,-1.7,1.0752,0,1,68416,285,4.566797256469727,0.65092533826828,9.91663375549839,153.86328125,4.902174135961992,0.0
IMG_000129.JPG,2026-07-16T13:38:03Z,42.6395312,77.0736163,1613.9,9,0.92,1.982,177.8,-1.104,-1.185,6.212,-2.937,-0.471,1.0682,0,1,68456,283,4.597900867462158,0.653399646282196,10.652481523670506,153.89412434895834,4.978058957472657,0.0
IMG_000130.JPG,2026-07-16T13:38:05Z,42.6395272,77.073601,1613.9,9,0.92,1.889,177.8,1.18,-2.189,7.762,-6.746,-3.25,1.0695,0,1,68503,274,4.769824981689453,0.6633288264274597,10.875109963371889,155.7325642903646,5.020540959618004,0.0
IMG_000131.JPG,2026-07-16T13:38:06Z,42.6395253,77.073594,1613.9,9,0.92,1.908,177.8,0.242,-1.625,6.365,-3.127,-2.235,1.0399,0,1,68377,280,4.588553428649902,0.6587924361228943,10.449736310058697,155.9556681315104,4.965987429658926,0.0
IMG_000132.JPG,2026-07-16T13:38:07Z,42.6395232,77.0735882,1614.1,9,0.92,1.926,177.8,-0.417,-0.703,0.846,-1.845,0.147,1.049,1,1,68445,283,4.571119785308838,0.6554327607154846,9.905264562402483,155.11930338541666,4.890015214977432,0.0
IMG_000133.JPG,2026-07-16T13:38:08Z,42.6395212,77.0735827,1614.2,9,0.92,1.871,177.8,0.955,-1.588,-0.811,0.88,-1.678,1.0349,0,1,68340,286,4.504622936248779,0.6450625061988831,9.086797409133327,152.51961263020834,4.760278356858221,0.0
IMG_000134.JPG,2026-07-16T13:38:09Z,42.6395188,77.073576,1614.3,9,0.92,1.982,177.8,-1.05,-0.435,-1.719,-0.486,0.338,1.0476,1,1,68407,276,4.567207336425781,0.6514515280723572,9.471295449654647,147.70808919270834,4.820131256158431,0.0
IMG_000135.JPG,2026-07-16T13:38:11Z,42.639514,77.0735625,1614.4,9,0.92,1.852,177.8,-1.598,-0.385,-2.803,-2.051,0.59,1.04,1,1,68440,285,4.518915176391602,0.656455397605896,9.640370677998728,149.88997395833334,4.827110652600859,0.0
IMG_000136.JPG,2026-07-16T13:42:42Z,42.6397957,77.073699,1614.1,9,1.03,0.722,35.45,-0.498,-0.892,2.25,1.88,0.453,1.0516,1,1,71003,297,5.845287322998047,0.7851371169090271,11.666457828127792,150.9740193684896,5.160069649158622,0.0
IMG_000137.JPG,2026-07-16T13:42:44Z,42.6397935,77.0736937,1614.3,9,1.03,1.222,35.45,0.444,-1.951,3.51,-1.234,3.247,1.0548,0,1,70934,302,5.582466125488281,0.7653118371963501,10.35690985023522,147.67069498697916,4.913744170768607,0.0
IMG_000138.JPG,2026-07-16T13:42:45Z,42.6397893,77.0736872,1615.1,9,1.03,1.5,35.45,0.649,-1.187,-0.047,-3.937,4.163,1.052,1,1,71760,289,6.165456295013428,0.754213273525238,13.449894842439667,159.11431884765625,5.326833552134352,0.0
IMG_000139.JPG,2026-07-16T13:42:46Z,42.6397863,77.0736865,1615.1,9,1.03,1.519,35.45,0.16,-1.028,4.777,4.323,1.682,0.9926,1,1,70925,290,5.77709436416626,0.7252494692802429,10.266135219349442,150.79656982421875,4.979150478808134,0.0
IMG_000140.JPG,2026-07-16T13:42:47Z,42.639783,77.0736902,1615.0,9,1.03,1.685,35.45,0.105,-1.255,-2.963,-6.105,3.56,1.0315,0,1,70640,299,5.774317264556885,0.7093083262443542,10.03628568526779,153.9082234700521,4.922943196874505,0.0
IMG_000141.JPG,2026-07-16T13:42:48Z,42.639779,77.0736938,1614.8,9,0.93,1.704,35.45,-0.06,0.135,1.548,3.43,-2.677,1.0153,0,1,70742,299,5.68182897567749,0.7050995826721191,9.176554971885059,157.1193644205729,4.767287881090197,0.0
IMG_000142.JPG,2026-07-16T13:42:50Z,42.6397703,77.0737037,1615.0,9,1.03,1.778,80.08,-0.944,-0.801,-4.253,5.415,-2.883,1.033,1,1,70865,299,5.753543376922607,0.7072667479515076,11.163414056766936,158.22784423828125,5.04590380549164,0.0
IMG_000143.JPG,2026-07-16T13:42:51Z,42.6397672,77.0737088,1614.1,9,1.03,1.685,87.83,-1.479,-1.563,-5.544,1.743,-3.631,1.0755,0,1,70478,301,5.6830291748046875,0.6885431408882141,9.34989125397271,150.72603352864584,4.851747443741186,0.0
IMG_000144.JPG,2026-07-16T13:42:52Z,42.639763,77.0737132,1613.9,9,0.93,2.074,98.8,-1.191,-1.437,-1.574,1.583,-1.303,1.0575,0,1,70270,295,5.501680374145508,0.6926972270011902,10.5644335528642,149.7959187825521,4.974896443361279,0.0
IMG_000145.JPG,2026-07-16T13:42:53Z,42.6397572,77.0737145,1614.1,9,0.93,2.648,107.42,-1.567,-1.553,-7.047,3.14,0.17,1.0585,0,1,70108,299,5.439396381378174,0.6945863366127014,9.46602987623314,150.7403564453125,4.873982620193512,0.0
IMG_000146.JPG,2026-07-16T13:42:54Z,42.6397522,77.0737173,1613.9,9,0.93,2.093,107.42,-0.421,0.703,5.029,2.888,-4.402,1.0427,1,1,70112,299,5.536221027374268,0.6881964802742004,8.941217560737911,151.9908650716146,4.729530790126464,0.0
IMG_000147.JPG,2026-07-16T13:42:56Z,42.639746,77.0737233,1613.1,9,0.93,1.593,114.81,-0.531,-1.045,-4.582,2.537,-3.013,1.032,0,1,70245,300,5.5470194816589355,0.6991832852363586,9.941880851880123,151.32499186197916,4.882399605571455,0.0
IMG_000148.JPG,2026-07-16T13:42:57Z,42.6397427,77.073725,1613.2,9,0.93,1.463,119.57,-2.101,-0.269,1.342,-5.112,-5.288,1.062,0,1,70275,302,5.409471035003662,0.6934323906898499,10.31307106554168,152.2151896158854,4.954098048221577,0.0
IMG_000149.JPG,2026-07-16T13:42:58Z,42.6397408,77.0737253,1613.1,9,0.93,1.593,124.47,-2.092,0.282,-3.208,6.254,-5.654,1.0374,0,1,70134,293,5.472240447998047,0.708422839641571,9.636357391675306,155.20951334635416,4.8639976120429305,0.0
IMG_000150.JPG,2026-07-16T13:42:59Z,42.639737,77.0737258,1613.1,9,0.93,1.593,127.48,-0.189,-0.421,-6.154,-1.876,-2.395,1.0444,0,1,70238,301,5.522401332855225,0.6944178938865662,9.21853412727438,150.84016927083334,4.777058541362622,0.0
IMG_000151.JPG,2026-07-16T13:43:01Z,42.639728,77.0737255,1612.7,9,0.93,1.759,134.21,-1.448,0.222,5.518,-0.776,-4.54,1.0476,1,1,70168,302,5.630666255950928,0.7062841653823853,9.485961960381186,150.2560017903646,4.841863447399438,0.0
IMG_000152.JPG,2026-07-16T13:43:02Z,42.6397238,77.0737227,1612.8,9,0.93,1.926,138.62,-0.157,0.141,-0.024,-0.99,-1.57,1.0421,1,1,70228,302,5.324613571166992,0.6847496032714844,9.684307293666171,152.8894246419271,4.8610596726923845,0.0
IMG_000153.JPG,2026-07-16T13:43:03Z,42.6397197,77.0737192,1613.0,9,0.93,1.778,138.62,-0.497,-0.352,-4.635,0.231,-1.646,1.0188,1,1,70077,300,5.432097911834717,0.6886242628097534,9.259253409140722,152.16241455078125,4.773969062242497,0.0
IMG_000154.JPG,2026-07-16T13:43:04Z,42.6397155,77.0737163,1613.1,9,0.93,1.815,141.81,-0.999,0.118,-6.941,-6.669,-1.379,1.0192,0,1,70388,293,5.468386173248291,0.6843641400337219,9.556138276449257,153.96219889322916,4.831828571075221,0.0
IMG_000155.JPG,2026-07-16T13:43:05Z,42.6397108,77.0737137,1613.1,9,0.93,1.778,144.97,-0.25,-1.836,3.846,0.514,-3.654,1.0196,1,1,70221,294,5.622625827789307,0.7043987512588501,10.46906225581349,152.1956583658854,4.96922272622313,0.0
IMG_000156.JPG,2026-07-16T13:43:07Z,42.6397037,77.0737065,1613.0,9,0.93,1.926,144.97,0.055,-1.021,-3.689,-8.822,0.109,1.0473,0,1,70387,303,5.489739894866943,0.6999524235725403,10.519742243732656,152.2242635091146,4.976908198182932,0.0
IMG_000157.JPG,2026-07-16T13:43:08Z,42.6397012,77.0737013,1613.4,9,0.93,2.574,144.97,0.069,-0.821,-0.75,-1.158,0.262,1.0022,1,1,69747,301,5.2851033210754395,0.6946166753768921,9.763408932294366,150.9980672200521,4.885059889396942,0.0
IMG_000158.JPG,2026-07-16T13:43:09Z,42.6396987,77.0736962,1613.5,9,0.93,1.982,144.97,-0.642,-1.127,-3.399,2.613,2.063,1.0434,0,1,69762,301,5.258248805999756,0.6939716935157776,10.075874196028472,149.8687540690104,4.913081084472638,0.0
IMG_000159.JPG,2026-07-16T13:43:10Z,42.6396952,77.073692,1613.5,9,0.93,1.815,144.97,-0.013,-0.697,-3.811,5.147,3.514,1.0516,1,1,69852,292,5.3293914794921875,0.7035504579544067,10.973914476881697,156.45721435546875,5.045910459766156,0.0
IMG_000160.JPG,2026-07-16T13:43:11Z,42.6396897,77.0736908,1613.5,9,0.93,1.778,144.97,0.702,-1.404,-2.971,-2.563,2.842,1.0429,0,1,69793,296,5.320891857147217,0.6883152723312378,10.23008981636692,155.6668497721354,4.942661185870502,0.0
IMG_000161.JPG,2026-07-16T13:43:13Z,42.6396807,77.0736852,1613.5,9,0.93,1.963,149.61,-0.303,0.075,-0.307,-1.12,2.002,1.0227,1,1,69844,303,5.451014041900635,0.6824605464935303,8.976811630101606,156.94913736979166,4.755650570656475,0.0
IMG_000162.JPG,2026-07-16T13:43:14Z,42.6396765,77.0736815,1613.4,9,0.93,1.945,149.61,0.257,0.201,2.044,-0.906,2.857,1.0016,1,1,69793,303,5.3652024269104,0.6725336909294128,8.284237942684467,154.08500162760416,4.613382137285243,0.0
IMG_000163.JPG,2026-07-16T13:43:15Z,42.6396703,77.0736785,1613.5,9,0.93,1.908,154.88,-0.19,-0.708,1.991,-0.349,4.117,1.024,1,1,69868,302,5.334035396575928,0.684346079826355,11.129161760800153,147.8780721028646,5.0276278672898345,0.0
IMG_000164.JPG,2026-07-16T13:43:16Z,42.639665,77.0736757,1613.7,9,0.93,1.796,158.88,0.001,-1.165,3.823,-0.12,0.995,1.0172,1,1,69840,294,5.375942707061768,0.6877469420433044,8.837633846456384,151.8424275716146,4.751396495337841,0.0
IMG_000165.JPG,2026-07-16T13:43:17Z,42.6396592,77.0736743,1613.9,9,0.93,1.833,164.17,0.407,-0.383,6.953,-0.982,2.063,1.035,0,1,69774,305,5.299575328826904,0.6830476522445679,10.85673640157172,152.80818684895834,4.97907726904095,0.0
IMG_000166.JPG,2026-07-16T13:43:18Z,42.6396547,77.073673,1613.8,9,1.03,1.908,167.8,0.32,-0.515,-0.902,0.445,2.033,1.0558,1,1,69817,304,5.236698627471924,0.6876768469810486,9.499276920365547,154.48358154296875,4.73989148683109,0.0
IMG_000167.JPG,2026-07-16T13:43:20Z,42.6396448,77.0736708,1613.5,9,1.03,1.926,172.6,-0.069,-0.677,5.945,-6.28,-1.616,1.0396,0,1,70003,304,5.367069244384766,0.696401059627533,11.000631646132836,156.6954142252604,5.016776889937909,0.0
IMG_000168.JPG,2026-07-16T13:43:21Z,42.63964,77.0736698,1613.4,9,1.03,1.871,173.96,-1.167,-1.526,-1.078,4.903,2.926,1.0021,0,1,69404,290,5.029813766479492,0.6815150380134583,10.387268742303243,152.36836751302084,4.931527840194178,0.0
IMG_000169.JPG,2026-07-16T13:43:22Z,42.6396348,77.0736685,1613.4,9,1.03,1.889,175.83,-1.185,-1.871,1.067,-1.662,0.903,1.0408,0,1,69428,284,5.035410404205322,0.679719090461731,10.172042592332835,153.4223429361979,4.95291383652647,0.0
IMG_000170.JPG,2026-07-16T13:43:23Z,42.6396293,77.0736673,1613.4,9,0.93,1.926,177.52,-1.035,-0.751,1.724,0.109,-0.837,1.0433,1,1,69305,293,4.95964241027832,0.6703846454620361,10.270505958107918,152.86956787109375,4.958363849572195,0.0
IMG_000171.JPG,2026-07-16T13:43:24Z,42.639624,77.0736658,1613.5,9,0.93,2.0,179.18,-0.248,-0.603,1.243,-3.692,-1.715,1.0502,1,1,69312,295,5.0058274269104,0.6724493503570557,9.529434913726067,152.57307942708334,4.8555374206286155,0.0
IMG_000172.JPG,2026-07-16T13:43:26Z,42.6396155,77.07366,1613.6,9,0.93,1.908,181.96,-0.387,2.165,1.724,4.002,0.605,1.0071,0,1,69398,286,4.848825454711914,0.6538547277450562,8.51643589127259,155.26118977864584,4.6657917317184046,0.0
IMG_000173.JPG,2026-07-16T13:43:27Z,42.639611,77.073658,1614.0,9,0.93,2.019,183.04,0.383,0.526,0.411,0.399,0.155,1.0246,0,1,69420,294,5.009970664978027,0.6768679022789001,9.536050506530028,154.74552408854166,4.856004922528543,0.0
IMG_000174.JPG,2026-07-16T13:43:28Z,42.6396067,77.073656,1614.0,9,0.93,1.889,183.86,-0.444,-1.719,1.243,1.445,1.468,1.0772,0,1,69399,294,4.925343990325928,0.6816693544387817,9.419549525148993,154.51068115234375,4.827917456890389,0.0
IMG_000175.JPG,2026-07-16T13:43:29Z,42.6396022,77.073654,1614.0,9,0.93,1.926,184.82,0.238,-2.005,-2.62,-0.7,1.773,1.0685,0,1,69340,286,5.028271198272705,0.6803364157676697,9.88203916005515,154.89031982421875,4.91633176073019,0.0
IMG_000176.JPG,2026-07-16T13:43:30Z,42.6395975,77.0736522,1614.1,9,0.93,1.963,185.67,-0.583,-0.928,-1.024,-5.112,2.102,1.07,1,1,69361,289,5.059743404388428,0.6868727803230286,10.530409950454724,154.55291748046875,4.964766636476824,0.0
IMG_000177.JPG,2026-07-16T13:43:32Z,42.6395872,77.0736485,1614.2,9,0.93,2.0,187.44,-0.046,-0.579,-6.009,-4.509,-0.349,1.0779,0,1,69434,295,4.939799785614014,0.6709681153297424,9.311873847468362,155.8112996419271,4.822025326656322,0.0
IMG_000178.JPG,2026-07-16T13:43:33Z,42.6395818,77.0736472,1614.2,9,0.93,2.019,188.21,-1.68,-1.618,-1.597,1.063,2.651,1.0588,0,1,69496,296,5.216310024261475,0.6911876797676086,11.149320460967944,157.81494140625,5.056984683310545,0.0
IMG_000179.JPG,2026-07-16T13:43:34Z,42.639577,77.073645,1614.3,9,0.93,1.982,188.62,-0.149,-2.594,-0.406,-2.379,2.598,1.0673,0,1,68910,287,4.922648906707764,0.6710165143013,10.219926516780163,155.6090087890625,4.944719663036768,0.0
IMG_000180.JPG,2026-07-16T13:43:35Z,42.6395717,77.0736437,1614.3,9,0.93,2.093,188.81,-0.772,-1.436,2.136,-4.959,1.911,1.0458,0,1,69233,296,4.852847576141357,0.6627848148345947,9.562005499722437,156.45845540364584,4.8523936481315655,0.0
IMG_000181.JPG,2026-07-16T13:43:36Z,42.6395663,77.0736423,1614.2,9,0.93,2.037,189.16,-0.139,-1.823,1.197,-6.433,1.995,1.0507,0,1,68965,306,4.8051228523254395,0.6644155979156494,9.457542083127928,153.7939249674479,4.849062455700256,0.0
IMG_000182.JPG,2026-07-16T13:43:38Z,42.6395562,77.0736398,1614.3,9,0.93,1.945,189.24,-1.211,-2.149,-0.803,-0.166,0.88,1.0574,0,1,68931,304,4.987292766571045,0.6736035346984863,9.808786939666978,155.48649088541666,4.893918482368812,0.0
IMG_000183.JPG,2026-07-16T13:43:39Z,42.6395508,77.0736378,1614.3,9,0.93,2.111,189.18,-0.151,-1.37,4.609,2.651,-0.814,1.0505,1,1,69007,288,4.911588191986084,0.6691340804100037,9.76841433296702,155.3936564127604,4.893809597323415,0.0
IMG_000184.JPG,2026-07-16T13:43:40Z,42.6395455,77.0736367,1614.3,9,0.93,1.982,189.21,-0.535,-1.912,-5.002,0.873,2.842,1.0313,0,1,68961,297,4.762903690338135,0.660197377204895,10.135115954526643,157.0449422200521,4.9225007897554525,0.0
IMG_000185.JPG,2026-07-16T13:43:41Z,42.6395402,77.0736353,1614.3,9,0.93,2.093,189.41,-0.801,-0.195,-1.818,-0.83,0.445,1.0385,1,1,68953,297,4.740562438964844,0.660828173160553,9.775368059699467,158.2042236328125,4.8601696855539345,0.0
IMG_000186.JPG,2026-07-16T13:43:42Z,42.6395352,77.0736342,1614.3,9,0.93,2.019,189.21,-0.504,-0.915,-0.482,6.102,-0.624,1.0223,0,1,68999,288,4.915920734405518,0.6703310608863831,10.235930996203237,159.0497029622396,4.950319183575452,0.0
IMG_000187.JPG,2026-07-16T13:43:44Z,42.6395245,77.0736327,1614.2,9,0.93,2.0,189.11,-1.176,-0.544,-8.795,-2.272,1.834,1.0457,0,1,68699,290,4.561164855957031,0.6518023610115051,9.231472292486183,153.06388346354166,4.78891088353746,0.0
IMG_000188.JPG,2026-07-16T13:43:45Z,42.6395195,77.0736317,1614.1,9,0.93,2.037,189.37,-0.481,-1.112,1.853,-1.501,-1.082,1.042,1,1,68595,299,4.698035717010498,0.6551436185836792,9.349058609546884,154.6758829752604,4.810108788571586,0.0
IMG_000189.JPG,2026-07-16T13:43:46Z,42.6395143,77.0736302,1614.1,9,0.93,2.019,189.29,0.015,-1.21,0.769,3.186,0.094,0.9899,1,1,68736,300,4.803459644317627,0.6680854558944702,9.298316219092625,154.24188232421875,4.801755930045689,0.0
IMG_000190.JPG,2026-07-16T13:43:47Z,42.6395093,77.0736292,1614.1,9,0.93,2.093,189.07,0.478,0.171,-1.482,-0.86,0.323,1.0205,1,1,68789,290,4.776849269866943,0.6602515578269958,8.939228061880995,153.54764811197916,4.745596958104995,0.0
IMG_000191.JPG,2026-07-16T13:44:04Z,42.639491,77.073662,1613.3,9,0.93,0.648,184.38,-0.105,-0.249,3.426,-4.12,2.338,1.0241,1,1,68706,299,4.603446960449219,0.650602400302887,9.17951430892345,152.7690226236979,4.778040978710344,0.0
IMG_000192.JPG,2026-07-16T13:44:05Z,42.6394948,77.0736637,1613.3,9,0.93,0.519,184.38,-0.124,-1.862,2.372,0.338,1.056,1.035,1,1,68759,301,4.623436450958252,0.6563094854354858,9.514527594243019,152.6034952799479,4.823451262577905,0.0
IMG_000193.JPG,2026-07-16T13:44:06Z,42.6394982,77.0736663,1613.5,9,0.93,1.574,184.38,-0.305,-1.249,-0.505,-3.12,1.682,1.0233,1,1,68696,291,4.7461018562316895,0.6546503305435181,9.103754138165886,153.64432779947916,4.783166935218493,0.0
IMG_000194.JPG,2026-07-16T13:44:08Z,42.639507,77.07367,1612.6,9,0.93,1.259,184.38,-0.201,-0.36,1.754,3.72,-0.341,1.0274,1,1,68725,296,4.5307488441467285,0.653419554233551,9.245845354234842,152.48502604166666,4.784003990100455,0.0
IMG_000195.JPG,2026-07-16T13:44:09Z,42.6395105,77.0736713,1612.7,9,0.93,1.889,184.38,-0.558,-1.447,2.594,0.445,-0.295,1.0388,1,1,68744,300,4.750026226043701,0.6553832292556763,9.226050277144562,154.65570068359375,4.803325857318221,0.0
IMG_000196.JPG,2026-07-16T13:44:10Z,42.6395143,77.0736732,1612.6,9,0.93,2.148,174.39,-0.797,-0.221,1.037,0.048,0.56,1.043,1,1,68638,302,4.642767429351807,0.6538572311401367,9.153181604535261,154.0213419596354,4.770104883491677,0.0
IMG_000197.JPG,2026-07-16T13:44:11Z,42.639519,77.0736748,1612.6,9,0.93,1.741,174.39,-0.422,-0.442,-1.108,2.712,0.521,1.0267,1,1,68610,294,4.680883407592773,0.6530846357345581,9.212806685283226,148.80989583333334,4.7595174273840515,0.0
IMG_000198.JPG,2026-07-16T13:44:12Z,42.639524,77.0736762,1612.6,9,0.93,1.519,174.39,-0.684,-0.753,-2.841,-3.73,2.071,1.0375,1,1,68619,301,4.708324909210205,0.6600130796432495,9.126795411184352,150.68450927734375,4.791232414594481,0.0
IMG_000199.JPG,2026-07-16T13:44:14Z,42.6395323,77.0736825,1612.9,9,0.93,2.667,174.39,-0.09,-0.071,-5.078,1.346,1.239,1.0086,1,1,68636,301,4.731164455413818,0.6599777936935425,9.503974166943113,150.3662109375,4.789387122454081,0.0
IMG_000200.JPG,2026-07-16T13:44:15Z,42.6395353,77.0736855,1613.2,9,0.93,1.389,174.39,-0.426,-0.313,-0.658,2.193,2.743,1.0425,1,1,68574,292,4.785128593444824,0.6494228839874268,8.145512856279383,147.38631184895834,4.580959782970377,0.0
IMG_000201.JPG,2026-07-16T13:44:16Z,42.6395383,77.0736863,1613.4,9,0.93,1.722,174.39,0.119,-0.567,2.319,-3.395,2.01,1.0135,1,1,68842,292,4.842765808105469,0.6658290028572083,10.858831356278403,152.66215006510416,5.000440922525133,0.0
IMG_000202.JPG,2026-07-16T13:44:17Z,42.6395423,77.0736878,1613.6,9,0.93,1.815,174.39,-0.445,0.04,3.029,3.697,0.125,1.0579,1,1,68858,301,4.831209182739258,0.6573705673217773,9.254740337874379,152.12298583984375,4.7966802894111416,0.0
IMG_000203.JPG,2026-07-16T13:44:18Z,42.6395465,77.073688,1613.6,9,0.93,1.648,174.39,-0.201,-1.614,-1.124,-2.219,0.354,1.0394,1,1,68877,304,4.898830890655518,0.6655040383338928,9.96854670552154,154.18961588541666,4.926409371628927,0.0
IMG_000204.JPG,2026-07-16T13:44:20Z,42.6395545,77.0736897,1613.8,9,0.93,1.37,174.39,-0.059,0.139,3.166,-1.059,1.3,1.0481,1,1,68837,299,4.735050201416016,0.6582882404327393,9.216962394041886,152.36773681640625,4.801910775689452,0.0
IMG_000205.JPG,2026-07-16T13:44:21Z,42.6395583,77.0736913,1613.9,9,0.93,1.741,160.81,0.096,-0.599,2.876,1.59,2.178,1.0403,1,1,68828,303,4.662698745727539,0.6587565541267395,10.0399359969759,150.5475056966146,4.9205635840953965,0.0
IMG_000206.JPG,2026-07-16T13:44:22Z,42.6395623,77.0736935,1614.0,9,0.93,2.0,140.33,-0.286,-0.913,-2.383,0.338,1.216,1.0377,1,1,68811,302,4.667913913726807,0.6564012169837952,9.623540970327657,152.47772216796875,4.835449594415834,0.0
IMG_000207.JPG,2026-07-16T13:44:23Z,42.6395673,77.0736952,1614.0,9,0.93,1.926,128.23,-0.384,-0.527,0.533,-2.776,1.041,1.0244,1,1,68847,294,4.691218852996826,0.6630790829658508,9.107012781774936,152.85530598958334,4.784074788806118,0.0
IMG_000208.JPG,2026-07-16T13:44:24Z,42.6395727,77.0736963,1613.9,9,0.93,1.593,128.23,-0.56,-0.084,-3.711,-1.334,2.262,1.0323,1,1,68788,296,4.859322547912598,0.6577847599983215,8.705435738866159,150.0167439778646,4.7118198370830155,0.0
IMG_000209.JPG,2026-07-16T13:44:26Z,42.6395812,77.0736975,1613.9,9,0.93,1.63,121.11,-0.315,0.328,-3.33,2.063,0.812,1.0364,1,1,68895,304,4.766526222229004,0.6630152463912964,9.290852224267322,147.9634806315104,4.81962547781197,0.0
IMG_000210.JPG,2026-07-16T13:44:27Z,42.6395853,77.0736985,1614.0,9,0.93,1.926,111.2,-0.344,-0.779,2.243,1.415,-0.051,1.0554,1,1,68841,306,4.792631149291992,0.6626384258270264,9.303222238734882,151.233642578125,4.792223942926496,0.0
IMG_000211.JPG,2026-07-16T13:44:28Z,42.63959,77.0736997,1614.1,9,0.93,1.945,104.77,-0.441,-0.63,-3.101,0.491,-0.12,1.0441,1,1,68950,295,4.736094951629639,0.6605286002159119,8.622272004367703,148.91153971354166,4.671021522308859,0.0
IMG_000212.JPG,2026-07-16T13:44:29Z,42.639595,77.073701,1614.2,9,0.93,1.426,104.77,-0.984,-1.448,-5.689,-1.425,-2.555,1.0254,1,1,68789,304,4.861783504486084,0.6661152243614197,9.278690848521036,149.4126993815104,4.80483082890869,0.0
IMG_000213.JPG,2026-07-16T13:44:30Z,42.6395993,77.0737022,1614.2,9,0.93,1.37,104.77,-0.352,-0.748,-1.475,-2.792,-0.723,1.0288,1,1,68875,307,4.818000316619873,0.6634758114814758,9.25090230507063,151.0054931640625,4.783705491029655,0.0
IMG_000214.JPG,2026-07-16T13:44:32Z,42.6396092,77.0737048,1614.3,9,0.93,1.796,98.83,0.117,-0.955,-2.139,-0.311,0.369,1.0292,1,1,68902,296,4.885441303253174,0.6646850109100342,9.236938659102176,150.5114542643229,4.812636036007012,0.0
IMG_000215.JPG,2026-07-16T13:44:33Z,42.6396103,77.0737042,1614.4,9,0.93,1.871,98.83,-0.517,-0.56,0.563,1.147,0.109,1.0295,1,1,68894,296,4.869840145111084,0.6566447019577026,9.156826620910378,149.3358154296875,4.758347539515326,0.0
IMG_000216.JPG,2026-07-16T13:44:34Z,42.6396135,77.0737047,1614.5,9,0.93,2.426,92.61,-0.95,-0.302,-1.192,0.147,0.025,1.0269,1,1,68724,305,4.790229797363281,0.6479695439338684,8.178754373134582,146.5667928059896,4.661390220369451,0.0
IMG_000217.JPG,2026-07-16T13:44:35Z,42.6396188,77.073706,1614.4,9,0.93,1.871,92.61,-0.348,-0.537,-1.979,3.613,-0.265,1.0499,1,1,68775,307,4.739256381988525,0.6547306180000305,8.712633898880508,145.8233846028646,4.7022774177478235,0.0
IMG_000218.JPG,2026-07-16T13:44:36Z,42.6396252,77.073706,1614.3,9,0.93,1.648,92.61,-1.079,-1.898,5.67,-1.211,-2.288,1.0512,0,1,68908,296,4.729084491729736,0.6580497026443481,9.04382401027243,147.2939453125,4.77204771563614,0.0
IMG_000219.JPG,2026-07-16T13:44:38Z,42.6396333,77.073712,1614.5,9,0.93,1.185,92.61,-0.736,-0.04,-1.208,-2.211,0.346,1.0616,1,1,69059,306,4.908777236938477,0.6647774577140808,8.746233875513633,146.8644002278646,4.735528561178383,0.0
IMG_000220.JPG,2026-07-16T13:44:39Z,42.6396392,77.0737142,1614.4,9,0.93,1.574,92.61,-0.582,-0.945,-3.07,0.85,0.834,1.0506,1,1,68995,306,4.723135471343994,0.6533856987953186,8.264983753440434,144.79752604166666,4.629588202782461,0.0
IMG_000221.JPG,2026-07-16T13:44:40Z,42.639644,77.073716,1614.4,9,0.93,2.019,86.63,0.02,-0.527,2.151,-5.028,1.071,1.0367,1,1,69410,297,5.0706658363342285,0.6653363704681396,8.784767898765727,150.7207234700521,4.7383861478107105,0.0
IMG_000222.JPG,2026-07-16T13:44:41Z,42.6396488,77.0737183,1614.4,9,0.93,2.13,80.15,-0.323,-0.158,-1.452,0.75,1.407,1.0375,1,1,69378,297,5.0130205154418945,0.6729663014411926,9.285593405745404,150.80472819010416,4.801382116169563,0.0
IMG_000223.JPG,2026-07-16T13:44:43Z,42.6396597,77.0737208,1614.3,9,0.93,1.63,80.15,-0.51,-0.33,-2.75,3.628,-0.341,1.0237,1,1,69331,306,4.992340564727783,0.6656066179275513,8.213874428336362,149.1932169596354,4.638408426560307,0.0
IMG_000224.JPG,2026-07-16T13:44:44Z,42.6396618,77.0737248,1614.3,9,0.93,1.667,80.15,-0.7,-0.452,-2.505,1.895,-0.486,1.0418,1,1,69325,322,5.092799663543701,0.669800341129303,8.398408500537535,147.3078409830729,4.688882768651498,0.0
IMG_000225.JPG,2026-07-16T13:44:45Z,42.6396648,77.0737283,1614.4,9,0.93,1.556,80.15,-0.29,-0.686,0.227,-2.021,2.567,1.0299,1,1,69375,299,5.087389945983887,0.6709954738616943,8.971513215340579,151.1292724609375,4.762421313034574,0.0
IMG_000226.JPG,2026-07-16T13:44:46Z,42.6396668,77.0737325,1614.0,9,0.93,1.482,80.15,-0.38,-0.935,0.64,1.834,2.483,1.0441,1,1,69290,313,5.061364650726318,0.6570165753364563,7.8354339386832805,149.1002400716146,4.539807053946138,0.0
IMG_000227.JPG,2026-07-16T13:44:47Z,42.6396717,77.0737348,1613.9,9,0.93,1.778,80.15,-0.165,-1.037,-1.826,-4.746,1.666,1.0442,1,1,69839,319,5.210026264190674,0.6848660707473755,9.782823262910851,153.0890909830729,4.818099943042764,0.0
IMG_000228.JPG,2026-07-16T13:44:48Z,42.639678,77.0737358,1613.8,9,0.93,1.759,74.87,-0.435,-0.792,-0.757,-0.822,0.842,1.0305,1,1,69649,319,5.133187770843506,0.6785334348678589,9.23763969275811,151.96539306640625,4.83244666628481,0.0
IMG_000229.JPG,2026-07-16T13:44:50Z,42.6396887,77.0737372,1613.7,9,0.93,1.482,70.63,-0.219,-0.763,1.51,1.674,0.125,1.0693,1,1,69760,313,5.321911334991455,0.6965793967247009,10.450559300562505,147.72344970703125,5.007760752821189,0.0
IMG_000230.JPG,2026-07-16T13:44:51Z,42.6396943,77.0737377,1613.7,9,0.93,1.685,66.57,-0.198,-1.05,1.243,1.521,-0.15,1.0299,1,1,69577,300,5.2804179191589355,0.682146430015564,9.189442145993823,152.0215047200521,4.779448969639634,0.0
IMG_000231.JPG,2026-07-16T13:44:52Z,42.639699,77.0737387,1613.7,9,0.93,1.815,61.67,-0.647,-0.611,0.395,0.712,-1.074,1.0411,1,1,69543,315,5.095544338226318,0.6713718175888062,8.691982708981644,150.64424641927084,4.678869137252851,0.0
IMG_000232.JPG,2026-07-16T13:44:53Z,42.6397035,77.0737395,1613.7,9,1.03,1.982,57.19,-0.929,-1.891,-2.444,1.124,-1.517,1.0497,1,1,69505,309,5.2035603523254395,0.6852436661720276,9.339413193348982,149.50335693359375,4.803094306339268,0.0
IMG_000233.JPG,2026-07-16T13:44:54Z,42.6397093,77.0737407,1613.6,9,1.03,1.667,57.19,-0.515,-0.973,-2.727,-5.356,2.262,1.0174,0,1,69557,300,5.302931308746338,0.685276985168457,9.565472534885997,149.61651611328125,4.8725578869017365,0.0
IMG_000234.JPG,2026-07-16T13:44:56Z,42.6397178,77.0737455,1613.6,9,1.03,1.389,57.19,-0.559,0.456,0.174,0.056,0.529,1.0429,1,1,69455,302,5.063516139984131,0.6886313557624817,10.874033016186722,154.2114054361979,4.982474487572563,0.0
IMG_000235.JPG,2026-07-16T13:44:57Z,42.6397207,77.0737487,1614.0,9,0.93,1.426,57.19,-0.45,-1.538,-1.834,-1.616,1.636,1.0352,1,1,69412,310,5.155561923980713,0.6747123599052429,9.557664026855182,153.54998779296875,4.8431710211441406,0.0
IMG_000236.JPG,2026-07-16T13:44:58Z,42.6397243,77.07375,1614.2,9,0.93,1.574,57.19,-0.079,-0.577,-1.269,0.376,1.018,1.0224,1,1,69403,302,5.151418209075928,0.6788154244422913,9.609449013801457,150.44401041666666,4.8719386480306115,0.0
IMG_000237.JPG,2026-07-16T13:44:59Z,42.6397285,77.0737508,1614.2,9,0.93,2.074,57.19,-0.536,-1.282,3.243,-0.99,-0.83,1.0303,1,1,69393,302,5.2303242683410645,0.6692704558372498,7.371096172932098,146.11627197265625,4.498972698440377,0.0
IMG_000238.JPG,2026-07-16T13:45:00Z,42.6397345,77.0737515,1614.3,9,0.93,2.241,57.19,-0.887,-0.566,-1.086,0.758,-2.043,1.0349,1,1,70698,323,5.664281368255615,0.71656733751297,12.143851281524297,153.93701171875,5.204850190269597,0.0
IMG_000239.JPG,2026-07-16T13:45:02Z,42.6397473,77.0737532,1614.1,9,1.03,1.482,57.19,-0.621,-1.008,-0.498,-0.792,2.384,1.0433,1,1,69611,311,5.1967387199401855,0.6743907332420349,7.535035143649654,149.04007975260416,4.451324788354518,0.0
IMG_000240.JPG,2026-07-16T13:45:03Z,42.6397525,77.0737552,1614.0,9,1.03,1.593,57.19,-0.489,-1.022,-1.162,-0.83,0.132,1.0265,1,1,70229,327,5.627858638763428,0.6967670321464539,10.361050492794766,153.2968953450521,4.979762099364637,0.0
IMG_000241.JPG,2026-07-16T13:45:04Z,42.6397582,77.0737565,1613.8,9,1.03,1.833,57.19,-0.272,-0.57,1.884,-2.272,0.292,1.0424,1,1,70646,316,5.713684558868408,0.7010591626167297,10.404156083686727,157.72578938802084,4.990103308442651,0.0
IMG_000242.JPG,2026-07-16T13:45:05Z,42.6397635,77.073758,1613.8,9,1.03,2.185,53.18,-0.382,0.279,-0.742,0.025,0.102,1.048,1,1,70324,324,5.431701183319092,0.6809688210487366,8.891957521700716,153.7044881184896,4.72664122489879,0.0
IMG_000243.JPG,2026-07-16T13:45:06Z,42.6397687,77.0737597,1613.8,9,0.93,2.352,48.85,-0.71,-0.825,-2.337,2.827,-0.173,1.0481,1,1,70361,324,5.593292236328125,0.6793376803398132,8.111736316321636,145.98482259114584,4.540526920069903,0.0
IMG_000244.JPG,2026-07-16T13:45:08Z,42.6397797,77.073765,1613.8,9,0.93,2.278,48.85,-0.178,-0.571,-1.941,-0.608,-0.112,1.0351,1,1,70575,324,5.722797393798828,0.7036601305007935,11.22543787221377,154.69222005208334,5.07311695896787,0.0
IMG_000245.JPG,2026-07-16T13:45:09Z,42.6397852,77.0737667,1614.0,9,0.93,1.648,48.85,-0.501,-0.685,-2.681,1.781,2.743,1.0567,1,1,70494,327,5.605133056640625,0.6960344910621643,9.081145964376848,153.8829345703125,4.7322015767116525,0.0
IMG_000246.JPG,2026-07-16T13:45:10Z,42.6397873,77.0737702,1613.5,9,0.93,1.537,48.85,-0.228,0.111,0.563,0.529,4.628,1.0402,1,1,70318,317,5.718217849731445,0.6912561655044556,8.346051036127662,150.54608154296875,4.643862644170508,0.0
IMG_000247.JPG,2026-07-16T13:45:37Z,42.63978,77.0738175,1613.3,9,0.93,2.759,139.18,-0.864,-0.436,7.304,-5.211,-4.585,1.0678,0,1,69818,315,5.371191501617432,0.6805654764175415,9.308244743924531,148.75968424479166,4.812521703849615,0.0
IMG_000248.JPG,2026-07-16T13:45:39Z,42.6397815,77.0738228,1613.4,9,1.03,0.778,139.18,-0.201,-1.616,3.304,-2.868,-8.112,1.0649,1,1,70125,324,5.31122350692749,0.6761521100997925,9.787314671972029,147.8646240234375,4.8083518424494525,0.0
IMG_000249.JPG,2026-07-16T13:45:40Z,42.639781,77.073818,1613.1,9,1.03,0.778,139.18,-2.875,-0.114,-5.383,-0.578,-6.326,1.0473,0,1,69621,313,5.5174102783203125,0.6806710958480835,8.038351100906048,145.37870279947916,4.651910200434722,0.0
IMG_000250.JPG,2026-07-16T13:45:41Z,42.639781,77.0738147,1613.1,9,1.03,1.019,139.18,-1.086,-0.892,5.189,0.964,-6.456,1.0477,1,1,70439,327,5.605171203613281,0.7040321826934814,10.006772178063004,148.9781697591146,4.913887261073928,0.0
IMG_000251.JPG,2026-07-16T13:45:42Z,42.6397795,77.0738117,1613.1,9,1.03,1.074,139.18,-0.266,-0.8,-4.933,0.102,-6.479,1.0382,0,1,69925,316,5.523685932159424,0.6878743171691895,9.458432023909241,148.24713134765625,4.780680750677874,0.0
IMG_000252.JPG,2026-07-16T13:45:43Z,42.6397787,77.0738103,1613.0,9,1.03,0.574,139.18,-2.39,-0.083,1.151,-0.387,-6.173,1.0396,0,1,70277,327,5.531033992767334,0.6900550127029419,9.864836603603008,148.17364501953125,4.891306816155864,0.0
IMG_000253.JPG,2026-07-16T13:45:44Z,42.6397783,77.0738088,1613.0,9,1.03,0.945,139.18,-0.682,-0.986,-5.918,-1.685,-6.57,1.0248,1,1,70290,327,5.570365905761719,0.6979885101318359,9.98968081481436,150.67439778645834,4.908794043281405,0.0
IMG_000254.JPG,2026-07-16T13:45:46Z,42.6397808,77.0738007,1613.0,9,1.03,1.333,139.18,0.068,-0.834,-6.284,-0.204,-3.211,1.0372,0,1,70664,327,5.726398944854736,0.70725017786026,10.634706919815264,154.2669881184896,5.0115084790963635,0.0
IMG_000255.JPG,2026-07-16T13:45:47Z,42.6397837,77.0737967,1613.1,9,1.03,1.463,139.18,-1.045,-1.035,5.8,3.812,-2.723,1.0603,1,1,70737,329,5.748464584350586,0.6998409032821655,8.771701426125652,148.3035888671875,4.706860141184406,0.0
IMG_000256.JPG,2026-07-16T13:45:48Z,42.6397885,77.0737913,1613.1,9,1.03,2.463,139.18,-1.823,-1.361,-2.063,-3.334,-1.967,1.0262,0,1,70533,321,5.576240539550781,0.6934088468551636,8.480961568932956,148.08443196614584,4.675995243784739,0.0
IMG_000257.JPG,2026-07-16T13:45:49Z,42.6397883,77.0737842,1613.1,8,1.03,2.148,139.18,-0.763,0.117,0.113,1.491,-0.051,1.0344,1,1,70964,333,5.794847011566162,0.6968286633491516,8.684969742039645,148.75115966796875,4.718068580850753,0.0
IMG_000258.JPG,2026-07-16T13:45:50Z,42.6397888,77.0737812,1613.0,8,1.03,1.278,139.18,-1.8,-1.078,-3.124,-0.822,-1.906,1.0362,1,1,70703,329,5.884149074554443,0.7035383582115173,9.2938276115337,151.0237019856771,4.796447428520998,0.0
IMG_000259.JPG,2026-07-16T13:45:52Z,42.6398058,77.0737723,1613.1,9,1.03,3.63,139.18,-0.396,-0.424,-1.032,-1.631,0.354,1.0342,1,1,71635,328,5.881702423095703,0.7037044763565063,9.23219032211081,147.81512451171875,4.80867092452256,0.0
IMG_000260.JPG,2026-07-16T13:45:53Z,42.6398117,77.0737685,1613.1,8,1.03,2.685,139.18,-0.724,-0.933,3.624,1.079,-1.646,1.036,1,1,71736,329,5.9738640785217285,0.7067292332649231,9.597134366231773,147.8482666015625,4.853970250810605,0.0
IMG_000261.JPG,2026-07-16T13:45:54Z,42.6398172,77.0737608,1613.1,9,1.03,4.0,139.18,-0.025,-0.639,-4.376,-1.181,1.728,1.032,1,1,72124,323,6.168562412261963,0.7223743796348572,10.33157566430625,155.26424153645834,4.979871821008301,0.0
IMG_000262.JPG,2026-07-16T13:45:55Z,42.6398215,77.073753,1613.1,9,1.03,4.13,139.18,-0.451,-0.432,-2.246,0.812,3.957,1.0553,1,1,72217,327,6.228285312652588,0.7175779342651367,9.66283191021247,150.23223876953125,4.886825923604483,0.0
IMG_000263.JPG,2026-07-16T13:45:56Z,42.6398227,77.0737487,1613.1,9,1.03,2.852,139.18,-0.017,-0.198,1.136,0.323,6.613,1.0286,1,1,72447,330,6.27834939956665,0.7224814891815186,9.604200179653732,150.84637451171875,4.864378181837852,0.0
IMG_000264.JPG,2026-07-16T13:45:57Z,42.6398242,77.0737453,1613.1,9,1.03,1.741,139.18,1.329,0.34,9.785,2.063,5.285,1.0308,0,1,73467,330,6.544355869293213,0.7446463108062744,10.048072327568729,150.6131591796875,4.954912176870622,0.0
IMG_000265.JPG,2026-07-16T13:45:59Z,42.639826,77.0737422,1613.2,9,0.94,2.315,139.18,-0.934,-0.485,2.647,1.338,3.102,1.0412,0,1,74101,341,6.716860294342041,0.7562554478645325,11.233728399766832,156.81451416015625,5.112907940966528,0.0
IMG_000266.JPG,2026-07-16T13:46:00Z,42.6398263,77.0737428,1613.2,9,0.94,2.111,139.18,1.604,-1.227,8.289,1.369,2.399,1.0522,0,1,74222,350,6.658897876739502,0.748650312423706,12.04277697698264,150.51580810546875,5.234580679423893,0.0
IMG_000267.JPG,2026-07-16T13:46:01Z,42.6398277,77.0737375,1613.3,9,0.94,1.648,139.18,0.086,-0.235,4.067,-0.135,2.575,1.0494,1,1,73992,344,6.918643474578857,0.7666277289390564,9.42276027947684,152.3065185546875,4.811632383912705,0.0
IMG_000268.JPG,2026-07-16T13:46:02Z,42.6398303,77.0737343,1613.3,8,1.03,1.333,139.18,0.478,-0.593,7.327,-2.25,1.018,1.0652,0,1,74666,336,6.4849724769592285,1.0065782070159912,9.310951990694846,143.2631632486979,4.826223882937437,0.0
IMG_000269.JPG,2026-07-16T13:46:04Z,42.6398422,77.0737232,1613.3,9,1.03,2.537,139.18,-1.483,-0.699,-1.498,2.918,2.01,1.0406,1,1,75814,336,7.129209995269775,1.2576133012771606,9.975861893368734,144.23368326822916,4.98843976761859,0.0
IMG_000270.JPG,2026-07-16T13:46:05Z,42.6398423,77.0737203,1613.3,9,1.03,1.667,139.18,-0.262,-0.629,-6.246,0.628,4.063,1.0113,0,1,77226,345,7.2702155113220215,1.8223704099655151,12.15890937023822,151.51786295572916,5.356833034529463,0.0005086263020833334
IMG_000271.JPG,2026-07-16T13:46:06Z,42.6398428,77.0737182,1613.4,9,1.03,1.259,139.18,-0.339,-0.729,8.35,-0.402,1.957,1.0426,0,1,79617,358,7.591383457183838,1.3517887592315674,15.356409091094749,152.64261881510416,5.490558154330073,0.0
IMG_000272.JPG,2026-07-16T13:46:07Z,42.6398433,77.0737125,1613.4,8,1.03,1.685,139.18,-0.053,-0.718,4.769,-2.402,3.735,1.0546,1,1,77153,347,7.198976039886475,1.4285438060760498,14.885901315753065,155.30940755208334,5.597923558991174,0.0
IMG_000273.JPG,2026-07-16T13:46:08Z,42.6398438,77.0737097,1613.5,8,1.03,2.259,139.18,-2.436,-0.223,-2.444,0.789,4.193,1.0444,0,1,74615,346,6.602346897125244,1.098189353942871,8.015486236371508,142.0320027669271,4.674432764354825,0.0
IMG_000274.JPG,2026-07-16T13:46:10Z,42.639844,77.0737023,1613.5,8,1.03,1.074,139.18,-0.806,-0.632,-0.559,0.75,3.285,1.0312,1,1,78771,359,7.458445072174072,1.366980791091919,12.54237639123617,148.04679361979166,5.251270327283381,0.0
IMG_000275.JPG,2026-07-16T13:46:11Z,42.6398405,77.0736955,1613.6,8,1.03,1.167,139.18,-0.569,-0.56,-3.063,0.957,4.537,1.0419,1,1,81661,359,7.833215236663818,1.7188760042190552,12.750091977751227,152.85860188802084,5.355827288731156,0.0
IMG_000276.JPG,2026-07-16T13:46:12Z,42.639833,77.0736913,1613.7,9,1.03,1.759,139.18,0.1,-1.093,0.785,-0.708,4.621,1.0495,1,1,84700,372,8.513969421386719,1.789572834968567,20.502565653636513,158.93290201822916,6.107019994540686,0.0
IMG_000277.JPG,2026-07-16T13:46:13Z,42.6398333,77.0736902,1613.8,9,1.03,1.556,139.18,0.558,-1.011,1.227,-4.387,1.979,1.0476,1,1,83865,375,8.184255599975586,1.6176751852035522,13.467795661606923,144.8858439127604,5.495407729347786,0.0
IMG_000278.JPG,2026-07-16T13:46:14Z,42.6398298,77.0736878,1613.8,9,1.03,1.482,139.18,0.414,-0.315,1.808,0.224,2.354,1.0295,1,1,84965,374,8.19225788116455,1.5347472429275513,15.875854894640591,140.70381673177084,5.726386020645322,0.0
IMG_000279.JPG,2026-07-16T13:46:16Z,42.6398298,77.0736752,1613.9,9,1.03,1.5,139.18,0.017,-0.995,1.075,-1.15,1.621,1.063,1,1,93732,410,9.56548023223877,2.4472649097442627,21.1809357477332,156.99951171875,6.12240118542043,0.00146484375
IMG_000280.JPG,2026-07-16T13:46:17Z,42.6398265,77.0736683,1613.8,9,1.03,1.704,139.18,1.571,-1.181,5.311,-1.326,-0.509,1.0507,0,1,94793,413,9.765902519226074,2.298499584197998,15.570141035769598,151.7696329752604,5.830220106317862,0.0013427734375
IMG_000281.JPG,2026-07-16T13:46:18Z,42.6398248,77.0736623,1613.8,9,1.03,1.408,139.18,-1.533,-0.103,0.525,-3.86,2.422,1.0364,0,1,88579,386,8.926617622375488,1.8903757333755493,21.73807641380603,133.90767415364584,6.157510813852839,0.0
IMG_000282.JPG,2026-07-16T13:46:19Z,42.6398268,77.0736572,1613.8,9,1.03,2.685,139.18,-1.552,0.011,-3.063,1.666,4.636,1.0052,0,1,87573,386,8.598058700561523,2.572401285171509,14.55504320973189,137.30328369140625,5.620373020776002,0.0022379557291666665
IMG_000283.JPG,2026-07-16T13:46:20Z,42.6398283,77.0736518,1613.8,9,1.03,1.556,139.18,-0.053,-1.154,-2.391,1.254,3.033,1.0186,1,1,91789,411,9.140841484069824,2.492110252380371,17.24667360414142,148.85550944010416,5.847644519731527,0.0002848307291666667
IMG_000284.JPG,2026-07-16T13:46:22Z,42.639832,77.0736347,1613.8,9,1.03,2.426,139.18,-1.15,-0.846,-1.032,-4.501,3.918,1.0506,0,1,89127,388,8.888607025146484,2.428515672683716,32.409333014868444,163.69661458333334,6.707072850386673,0.0006306966145833334
IMG_000285.JPG,2026-07-16T13:46:23Z,42.6398302,77.0736298,1613.7,8,1.03,1.13,139.18,0.149,-0.644,1.327,1.315,3.499,1.0411,1,1,81669,362,7.794322967529297,2.2008769512176514,19.088431758269294,142.5076904296875,5.893874613379648,0.0
IMG_000286.JPG,2026-07-16T13:46:24Z,42.6398265,77.0736277,1613.7,9,1.03,1.056,139.18,0.05,-0.907,-7.238,2.315,2.308,1.0284,0,1,86244,386,8.663187026977539,2.6797289848327637,21.677505982216587,157.13629150390625,6.144593651899988,0.004414876302083333
IMG_000287.JPG,2026-07-16T13:46:25Z,42.6398277,77.0736245,1613.7,9,1.03,1.574,139.18,-0.459,-0.52,-5.421,6.834,2.491,1.0082,0,1,77408,349,7.477075099945068,1.8945478200912476,17.7855515360941,147.5388387044271,5.8401027534897665,0.0018717447916666667
IMG_000288.JPG,2026-07-16T13:46:27Z,42.6398277,77.0736163,1613.6,9,1.03,1.222,139.18,0.491,-0.935,2.159,-1.372,1.903,1.0541,1,1,80251,364,7.772474765777588,1.703220009803772,17.201789618907874,160.8602294921875,5.708892436544,0.0
IMG_000289.JPG,2026-07-16T13:46:28Z,42.6398262,77.0736122,1613.6,9,1.03,0.537,139.18,-0.214,-0.566,1.563,5.002,3.979,1.047,0,1,74877,350,6.638034820556641,1.10927414894104,11.730651601519478,145.62982177734375,5.181415415345245,0.0
IMG_000290.JPG,2026-07-16T13:46:29Z,42.639823,77.0736095,1613.6,8,1.03,1.611,139.18,0.145,-1.812,-0.437,1.369,1.369,1.0465,0,1,75607,355,6.82589864730835,1.1261025667190552,10.541532467564629,147.25594075520834,4.994777519814019,0.0
IMG_000291.JPG,2026-07-16T13:46:30Z,42.6398197,77.073607,1613.6,9,1.03,2.852,139.18,0.428,-1.487,-2.391,2.338,1.827,1.0169,1,1,75724,341,6.98196268081665,1.0636990070343018,14.77702053795679,160.65681966145834,5.485590003283006,0.0
IMG_000292.JPG,2026-07-16T13:46:31Z,42.6398155,77.073604,1613.6,9,1.03,2.685,139.18,-0.242,-2.008,2.136,-0.425,0.445,1.042,1,1,73584,328,6.472479343414307,0.8814846873283386,15.171810396516673,161.1946004231771,5.521267593895313,0.0
IMG_000293.JPG,2026-07-16T13:46:32Z,42.6398145,77.073599,1613.5,8,1.03,1.408,139.18,0.32,-1.52,-2.17,0.491,0.567,1.0267,1,1,72081,339,6.0569586753845215,0.8684656620025635,10.735216504298123,150.2061564127604,5.022616455617896,0.0
IMG_000294.JPG,2026-07-16T13:46:34Z,42.6398072,77.0736023,1613.5,8,1.03,1.833,139.18,-0.191,-1.733,2.281,1.56,0.468,1.043,1,1,72024,338,6.0416131019592285,1.0048656463623047,11.079242734129663,153.48270670572916,5.087745243016446,0.0
IMG_000295.JPG,2026-07-16T13:46:35Z,42.6398028,77.0735987,1613.5,9,1.03,2.093,139.18,0.007,-1.435,-5.414,5.964,0.514,1.0276,0,1,72549,338,6.151377201080322,1.2146685123443604,10.19696872113498,148.7752888997396,5.002593518847911,0.0
IMG_000296.JPG,2026-07-16T13:46:36Z,42.6398003,77.0735922,1613.4,9,1.03,1.852,139.18,-0.737,-0.669,0.395,3.636,-0.257,0.9944,1,1,72238,340,5.972989559173584,1.158840537071228,12.96245070366479,155.3206583658854,5.292849647658137,0.0
IMG_000297.JPG,2026-07-16T13:46:37Z,42.6397978,77.0735868,1613.4,9,1.03,1.982,139.18,-0.646,-0.214,-2.834,5.521,1.735,0.9963,0,1,72223,329,5.931872844696045,0.9152565598487854,11.862614003517871,159.18473307291666,5.157793580155371,0.0
IMG_000298.JPG,2026-07-16T13:46:38Z,42.6397937,77.0735835,1613.3,9,1.03,1.871,139.18,0.662,-1.991,0.357,0.529,-0.853,1.0277,0,1,71362,338,5.903900623321533,0.930428683757782,9.199613771643662,147.8944091796875,4.866643799942862,0.0
IMG_000299.JPG,2026-07-16T13:46:39Z,42.6397897,77.0735808,1613.4,9,1.03,1.796,139.18,-0.29,-1.843,-2.711,1.208,0.537,1.0445,0,1,72214,339,6.000795364379883,0.8539952039718628,12.101777430311225,149.45550537109375,5.18084677531712,0.0
IMG_000300.JPG,2026-07-16T13:46:41Z,42.6397805,77.0735752,1613.2,8,1.03,1.963,139.18,-0.145,-1.413,2.914,-1.524,0.46,1.0296,1,1,72141,339,5.926128387451172,0.856590986251831,11.54836963037193,158.10504150390625,5.156824382001712,0.0
IMG_000301.JPG,2026-07-16T13:46:42Z,42.6397757,77.0735718,1613.3,8,1.03,1.852,139.18,-0.288,-0.62,0.968,1.499,0.399,1.0306,1,1,71073,339,5.906339645385742,0.857296347618103,10.391982567788059,153.2787882486979,4.9543480053432445,0.0
IMG_000302.JPG,2026-07-16T13:46:43Z,42.63977,77.0735697,1613.2,8,1.03,2.074,139.18,-0.492,-0.426,1.434,3.071,1.376,1.0266,1,1,71541,330,5.8874030113220215,0.8980568647384644,10.940720609261957,155.68634033203125,5.092879093541927,0.0
IMG_000303.JPG,2026-07-16T13:46:44Z,42.6397642,77.0735673,1613.1,8,1.03,1.889,139.18,0.276,-1.317,0.09,-1.066,0.262,1.0351,0,1,71436,330,6.084499835968018,0.7930517792701721,10.585154660433977,159.0301310221354,4.9877786336975785,0.0
IMG_000304.JPG,2026-07-16T13:46:45Z,42.6397587,77.073565,1613.0,9,1.03,1.963,139.18,-0.162,-0.63,2.365,-1.372,-0.99,1.026,1,1,70565,342,5.356250762939453,0.8265162110328674,9.630533261987065,148.8026123046875,4.907554005185274,0.0
IMG_000305.JPG,2026-07-16T13:46:47Z,42.6397495,77.0735605,1613.1,9,1.03,1.796,153.05,0.577,-1.431,0.632,-4.448,0.201,1.0445,0,1,70786,340,5.760751247406006,0.7886527180671692,9.858393383964279,149.2211710611979,4.926001165229194,0.0
IMG_000306.JPG,2026-07-16T13:46:48Z,42.6397445,77.0735582,1613.1,9,1.03,1.722,153.05,-0.834,-0.85,-1.711,-4.188,0.628,1.0512,1,1,71071,340,5.613063812255859,0.8015316128730774,9.668577770484069,152.6456298828125,4.880959515884004,0.0
IMG_000307.JPG,2026-07-16T13:46:49Z,42.6397412,77.0735552,1613.0,9,1.03,1.833,153.05,0.156,-0.802,1.472,-5.395,0.208,1.0519,1,1,71134,331,5.878640651702881,0.7712377905845642,10.418690196188377,155.77901204427084,4.969941168545547,0.0
IMG_000308.JPG,2026-07-16T13:46:50Z,42.6397362,77.0735533,1612.8,9,1.03,2.037,153.05,-0.786,-0.037,-0.231,-2.349,0.728,1.0439,1,1,71206,331,5.855198383331299,0.7561810612678528,11.102536763395392,158.2180379231771,5.089178048182003,0.0
IMG_000309.JPG,2026-07-16T13:46:51Z,42.6397303,77.0735512,1612.7,9,1.03,1.759,153.05,-0.13,-1.296,-4.406,-0.906,1.109,1.0348,1,1,70093,355,5.415189266204834,0.7217102646827698,10.746038903649124,152.39410400390625,4.995613913540071,0.0
IMG_000310.JPG,2026-07-16T13:46:53Z,42.6397205,77.0735462,1612.6,9,1.03,1.815,167.64,-0.545,1.147,2.823,7.705,1.216,1.0008,0,1,70320,342,5.399819850921631,0.7515460848808289,10.72002367066238,154.01617431640625,4.9998216596904665,0.0
IMG_000311.JPG,2026-07-16T13:46:54Z,42.639716,77.0735443,1612.5,9,1.03,1.796,173.07,-1.064,0.478,0.189,0.964,-0.051,1.0384,1,1,70145,342,5.358567714691162,0.7091198563575745,9.224215966812961,154.8487752278646,4.792023451321692,0.0
IMG_000312.JPG,2026-07-16T13:46:55Z,42.6397118,77.0735413,1612.5,9,1.03,1.796,173.07,-0.662,-0.291,1.647,0.789,-0.257,1.0301,1,1,70317,349,5.424035549163818,0.7680643796920776,9.878745289950164,153.40372721354166,4.942195700143727,0.0
IMG_000313.JPG,2026-07-16T13:46:56Z,42.6397077,77.0735373,1612.7,9,1.03,1.722,173.07,-0.933,0.433,-3.009,1.544,0.842,1.0136,0,1,70350,333,5.620999813079834,0.7741643786430359,10.762803644430553,151.81719970703125,5.030561238267546,0.0
IMG_000314.JPG,2026-07-16T13:46:57Z,42.639704,77.0735345,1612.6,9,1.03,1.704,173.07,-0.707,-1.473,-2.2,3.208,-0.074,1.0514,1,1,70198,342,5.3502516746521,0.7641138434410095,9.71731790284137,149.35835774739584,4.872481768906339,0.0
IMG_000315.JPG,2026-07-16T13:46:58Z,42.6397003,77.073532,1612.7,9,1.03,1.889,177.09,-0.075,-1.122,4.853,-2.876,-1.433,1.039,1,1,70176,343,5.364607334136963,0.7533308267593384,10.113748045615052,148.22760009765625,4.972245064690535,0.0
IMG_000316.JPG,2026-07-16T13:47:00Z,42.6396928,77.073527,1612.8,9,1.03,1.722,177.09,-0.38,-0.379,2.823,5.354,-1.272,1.0446,0,1,70313,348,5.433701038360596,0.7559581995010376,9.864662686958294,151.32255045572916,4.915291047951679,0.0
IMG_000317.JPG,2026-07-16T13:47:01Z,42.6396892,77.0735238,1612.9,9,1.03,1.722,177.09,-0.172,-1.453,-0.742,-1.15,0.407,1.0543,1,1,70125,343,5.336121082305908,0.7313341498374939,9.189757123912505,149.513671875,4.807564160072437,0.0
IMG_000318.JPG,2026-07-16T13:47:02Z,42.6396855,77.073521,1612.8,9,1.03,1.741,177.09,-1.237,-0.168,0.151,-0.524,0.468,1.0466,1,1,70214,334,5.212192058563232,0.7206957936286926,10.179212285182235,149.65179443359375,4.956912239098832,0.0
IMG_000319.JPG,2026-07-16T13:47:03Z,42.6396823,77.0735178,1612.8,8,1.03,1.908,177.09,-0.449,0.16,0.143,-1.021,-0.051,1.0704,1,1,70285,343,5.268825531005859,0.7393923997879028,10.410225153665777,151.01080322265625,5.014490529535603,0.0
IMG_000320.JPG,2026-07-16T13:47:04Z,42.6396792,77.0735142,1612.7,8,1.03,1.759,177.09,-0.896,0.698,1.388,4.124,-0.188,1.0398,0,1,70239,346,5.411420822143555,0.7365893125534058,9.489259324171762,155.0514119466146,4.819549429561391,0.0
IMG_000321.JPG,2026-07-16T13:47:06Z,42.6396712,77.0735088,1612.5,8,1.03,1.741,177.09,-0.513,0.076,-6.582,6.598,1.117,1.0094,0,1,70373,350,5.399514675140381,0.7263785004615784,10.636453798953914,157.7418212890625,4.994056241956291,0.0
IMG_000322.JPG,2026-07-16T13:47:07Z,42.6396673,77.0735053,1612.7,8,1.03,1.778,177.09,0.077,-0.514,1.8,5.292,0.01,1.0021,0,1,70334,344,5.4411468505859375,0.7157589197158813,9.387842657393074,156.9279581705729,4.705096242398374,0.0
IMG_000323.JPG,2026-07-16T13:47:08Z,42.6396638,77.0735018,1612.7,8,1.03,1.722,177.09,-0.718,-1.198,-1.322,0.903,0.88,1.0401,1,1,70323,336,5.511989593505859,0.7266523838043213,10.180961262598135,154.19281005859375,4.984961835316185,0.0
IMG_000324.JPG,2026-07-16T13:47:09Z,42.6396605,77.0734983,1612.8,8,1.03,1.871,177.09,-0.78,-0.711,-0.979,2.018,1.147,1.029,1,1,70295,336,5.5984954833984375,0.7276907563209534,10.346961875457072,155.9805704752604,4.946222885719723,0.0
IMG_000325.JPG,2026-07-16T13:47:10Z,42.6396567,77.0734953,1612.8,8,1.03,1.852,177.09,-0.309,-1.318,-6.719,7.3,0.773,0.9939,0,1,70356,347,5.391297817230225,0.7374719977378845,11.053871942157855,156.90633138020834,5.0256728061565425,0.0
IMG_000326.JPG,2026-07-16T13:47:12Z,42.6396487,77.0734898,1612.9,8,1.03,1.685,177.09,-0.369,-1.05,-1.78,3.834,-0.074,1.0262,1,1,70425,346,5.604634761810303,0.7429214715957642,10.988466457363058,158.30582682291666,5.082661993196364,0.0
IMG_000327.JPG,2026-07-16T13:47:13Z,42.639645,77.0734867,1612.9,9,1.03,1.722,177.09,-0.334,-1.235,-3.551,-2.387,0.575,1.0451,1,1,69415,335,5.113427639007568,0.7090805768966675,9.544389295948726,148.44429524739584,4.879387175730726,0.0
IMG_000328.JPG,2026-07-16T13:47:14Z,42.6396412,77.0734833,1612.8,9,1.03,1.889,177.09,-0.605,-0.444,0.426,-1.715,-0.265,1.0431,1,1,69396,324,5.132438659667969,0.6990770101547241,9.20557351850825,145.68033854166666,4.799991907461774,0.0
IMG_000329.JPG,2026-07-16T13:47:15Z,42.6396373,77.0734803,1612.8,9,1.03,1.796,177.09,-0.191,-0.193,-2.04,1.27,2.308,1.0258,1,1,69741,344,5.227792263031006,0.7050995230674744,9.696235319242566,152.1680704752604,4.887359306568609,0.0
IMG_000330.JPG,2026-07-16T13:47:16Z,42.6396323,77.073478,1612.6,9,1.03,1.722,177.09,-1.055,-0.26,5.464,-1.906,0.437,1.0305,1,1,69828,344,5.099354267120361,0.7042301297187805,9.994698883598042,153.06376139322916,4.908296892257071,0.0
IMG_000331.JPG,2026-07-16T13:47:17Z,42.6396283,77.0734742,1612.9,9,1.03,2.278,177.09,-0.202,-1.899,3.357,-2.417,-1.715,1.0569,1,1,69845,345,5.253488540649414,0.7045120596885681,9.926580452698866,151.797607421875,4.916779326392985,0.0
IMG_000332.JPG,2026-07-16T13:47:19Z,42.63962,77.0734677,1612.9,9,1.03,1.611,177.09,-0.497,-2.367,5.769,-8.509,-2.891,1.0824,0,1,69813,337,5.1330084800720215,0.703403890132904,9.90490375753172,150.52665201822916,4.883633983611648,0.0
IMG_000333.JPG,2026-07-16T13:47:20Z,42.6396157,77.0734648,1612.9,9,1.03,1.648,177.09,0.162,-1.816,1.014,-7.891,-1.021,1.079,0,1,69878,337,5.617033004760742,0.7187054753303528,9.955488993149745,149.8072713216146,4.859483201739514,0.0
IMG_000334.JPG,2026-07-16T13:47:21Z,42.6396113,77.0734618,1612.9,9,1.03,2.111,177.09,-0.507,-0.073,-2.918,-9.059,1.873,1.076,0,1,69672,345,5.256208419799805,0.7070042490959167,9.124728848159712,151.2868448893229,4.793432004762778,0.0
IMG_000335.JPG,2026-07-16T13:47:22Z,42.639608,77.0734572,1612.9,9,1.03,1.667,177.09,-0.194,0.144,0.449,-8.967,0.392,1.0496,0,1,69725,346,4.976146221160889,0.695759654045105,9.665211072432676,152.1696573893229,4.877916322177159,0.0
IMG_000336.JPG,2026-07-16T13:47:23Z,42.6396057,77.0734515,1612.9,9,1.03,1.593,177.09,-1.299,-0.295,3.838,-3.135,0.292,1.0398,1,1,69787,348,5.161895275115967,0.7058253288269043,9.671630602397704,154.28460693359375,4.873176934811535,0.0
IMG_000337.JPG,2026-07-16T13:47:25Z,42.639597,77.0734468,1612.8,9,1.03,1.963,177.09,-0.057,-1.903,6.96,-5.99,-3.662,1.0548,0,1,69783,338,5.204858303070068,0.7021048069000244,10.931126502748922,154.3741251627604,5.019070065892591,0.0
IMG_000338.JPG,2026-07-16T13:47:26Z,42.639594,77.0734422,1612.6,9,1.03,1.685,177.09,-0.714,-0.921,-0.009,-1.517,0.995,1.0294,1,1,69912,338,5.529285907745361,0.7244399189949036,10.989200259262054,157.62520345052084,5.026855359059212,0.0
IMG_000339.JPG,2026-07-16T13:47:27Z,42.639591,77.0734377,1612.5,9,1.03,1.778,177.09,-0.807,0.475,-4.834,3.231,1.789,1.0161,0,1,69275,336,5.366443157196045,0.7050021290779114,9.73147791248626,151.0076700846354,4.840628508450208,0.0
IMG_000340.JPG,2026-07-16T13:47:28Z,42.6395865,77.0734358,1612.6,9,1.03,1.889,177.09,0.112,-0.912,2.533,0.384,-0.532,1.0393,1,1,69178,336,4.968450546264648,0.694780707359314,9.411105739712946,151.9175821940104,4.773571345669941,0.0
IMG_000341.JPG,2026-07-16T13:47:29Z,42.6395823,77.0734338,1612.7,9,1.03,1.871,177.09,-0.248,-1.039,3.762,-1.578,-2.509,1.0331,1,1,69254,453,4.8501877784729,0.6912526488304138,9.452683287582676,148.69828287760416,4.8520241837862725,0.0
IMG_000342.JPG,2026-07-16T13:47:30Z,42.639579,77.0734293,1612.6,9,1.03,2.167,177.09,-0.477,-0.264,0.487,0.445,0.796,1.0283,1,1,69237,339,5.049527168273926,0.6817707419395447,9.029175073692064,149.6490478515625,4.787110033281753,0.0
IMG_000343.JPG,2026-07-16T13:47:32Z,42.6395717,77.0734207,1612.5,9,1.03,2.334,177.09,-1.011,0.082,-0.742,-2.494,1.361,1.045,1,1,69190,339,4.798611640930176,0.6768631339073181,8.956330498265364,149.99776204427084,4.783360213495124,0.0
IMG_000344.JPG,2026-07-16T13:47:33Z,42.6395675,77.0734193,1612.5,9,1.03,1.963,177.09,-0.285,-0.868,-2.941,2.651,2.01,1.0292,1,1,69428,330,5.083604335784912,0.6899002194404602,10.459955485353227,151.5635986328125,4.941363956617145,0.0
IMG_000345.JPG,2026-07-16T13:47:34Z,42.6395637,77.0734168,1612.5,9,1.03,3.019,177.09,-0.851,-0.775,-3.231,-1.7,1.674,1.0427,1,1,69404,339,5.024817943572998,0.690819263458252,9.80713496333699,151.51407877604166,4.897285141874783,0.0
IMG_000346.JPG,2026-07-16T13:47:35Z,42.6395602,77.073411,1612.5,9,1.03,2.408,177.09,-0.828,-0.538,-0.925,5.842,-0.272,1.0329,1,1,69343,339,4.940622806549072,0.6835365295410156,9.801250310695158,151.7808634440104,4.907479479691464,0.0
IMG_000347.JPG,2026-07-16T13:47:36Z,42.639558,77.073405,1612.5,9,1.03,1.482,177.09,-1.232,0.874,-3.383,5.422,2.995,1.0127,0,1,69403,331,5.033267974853516,0.6862552762031555,10.29285939693572,156.2542724609375,4.931752365332011,0.0
IMG_000348.JPG,2026-07-16T13:47:37Z,42.6395558,77.0734017,1612.5,9,1.03,1.759,177.09,-0.544,-0.551,0.044,1.491,-0.921,1.0211,1,1,69336,331,5.035035610198975,0.6826132535934448,9.676745549284867,155.0044962565104,4.850231822001451,0.0
IMG_000349.JPG,2026-07-16T13:47:38Z,42.6395535,77.073399,1612.5,9,1.03,2.722,177.09,-0.7,-0.763,5.113,-11.402,0.613,1.0639,0,1,69427,340,5.065557956695557,0.6727159023284912,10.47365400925245,153.2584431966146,4.978683883190918,0.0
IMG_000350.JPG,2026-07-16T13:47:57Z,42.63952,77.0734187,1612.8,9,1.03,0.759,154.91,-0.51,-0.264,-0.147,-1.143,5.208,1.0352,0,1,69073,340,5.0330657958984375,0.6683036684989929,7.865874059893412,154.5733846028646,4.539221796189532,0.0
IMG_000351.JPG,2026-07-16T13:47:58Z,42.6395188,77.0734202,1613.0,9,1.03,0.574,154.91,-0.63,-0.998,-0.925,-1.646,-1.448,1.0492,1,1,69032,339,4.616304874420166,0.648750901222229,7.444220504495198,152.0259806315104,4.45787660149838,0.0
IMG_000352.JPG,2026-07-16T13:48:00Z,42.639517,77.073424,1613.2,9,1.03,0.704,154.91,-1.313,-1.183,2.044,0.033,-7.105,1.0448,1,1,68966,349,4.8318562507629395,0.6499667167663574,7.519973585541617,150.21931966145834,4.4997773573630075,0.0
IMG_000353.JPG,2026-07-16T13:48:01Z,42.6395155,77.073426,1613.4,9,1.03,1.0,154.91,-0.518,-0.639,-4.872,-1.074,-7.44,1.0402,0,1,69023,402,4.693360805511475,0.6493735909461975,8.297574635689255,150.02681477864584,4.660178679881596,0.0
IMG_000354.JPG,2026-07-16T13:48:02Z,42.6395137,77.0734278,1613.6,9,1.03,1.222,154.91,-1.805,-0.494,-3.91,1.888,-7.959,1.0389,0,1,69129,347,4.783553123474121,0.6568745970726013,8.767286182540811,151.56876627604166,4.713701689748913,0.0
IMG_000355.JPG,2026-07-16T13:48:03Z,42.6395118,77.0734318,1613.5,9,1.03,1.13,152.79,-0.797,-0.448,1.93,3.659,-6.425,1.0246,1,1,69173,349,4.938443660736084,0.6625967621803284,8.863019498027601,152.9621785481771,4.732165396199847,0.0
IMG_000356.JPG,2026-07-16T13:48:04Z,42.6395098,77.073435,1613.4,9,1.03,1.037,151.92,-1.027,-0.639,0.693,3.407,-7.73,1.0106,1,1,69156,371,4.767279148101807,0.6610917448997498,9.023560796632006,153.28483072916666,4.744316427133734,0.0
IMG_000357.JPG,2026-07-16T13:48:06Z,42.6395045,77.0734377,1613.7,9,1.03,1.333,152.76,-1.641,-0.948,1.197,-0.097,-7.12,1.0494,1,1,69147,374,4.946480751037598,0.6627159714698792,9.062133104106632,151.63326009114584,4.761370354711273,0.0
IMG_000358.JPG,2026-07-16T13:48:07Z,42.6395003,77.0734387,1613.8,9,1.03,1.593,153.78,-2.06,-1.282,-4.192,0.002,-3.937,1.0593,0,1,69001,352,4.800262451171875,0.65436851978302,9.090429066491884,150.81939697265625,4.780473419130943,0.0
IMG_000359.JPG,2026-07-16T13:48:08Z,42.6394965,77.0734393,1613.8,9,1.03,1.37,156.38,-1.584,-2.173,-3.2,-2.066,-3.166,1.0543,0,1,69241,372,4.790778636932373,0.6611526608467102,9.643280678312841,152.16851806640625,4.8439981682184,0.0
IMG_000360.JPG,2026-07-16T13:48:09Z,42.6394923,77.0734388,1613.8,9,1.03,1.463,159.52,-0.957,-1.205,1.372,3.674,-2.73,1.0395,1,1,69068,375,4.77679443359375,0.66126549243927,9.458211186588487,152.42315673828125,4.8193171835698685,0.0
IMG_000361.JPG,2026-07-16T13:48:10Z,42.6394882,77.0734385,1613.6,9,1.03,1.63,163.58,-0.951,-1.511,2.205,-1.99,-2.914,1.0692,1,1,69248,348,4.94818639755249,0.6676102876663208,9.1041111721636,151.4093017578125,4.776118809909358,0.0
IMG_000362.JPG,2026-07-16T13:48:12Z,42.6394808,77.0734368,1613.5,9,1.03,1.741,169.42,-0.489,-2.102,-0.765,-7.15,-2.105,1.0932,0,1,69151,351,4.819226264953613,0.6592246294021606,8.818316428900303,149.8088175455729,4.6999804047958325,0.0
