image,utc,latitude,longitude,altitude_m,satellites,hdop,speed_kmph,course_deg,roll_deg,pitch_deg,gyro_x_dps,gyro_y_dps,gyro_z_dps,total_acc_g,stable,level,jpeg_bytes,capture_ms,progress_m,sharpness_lap_var,contrast_std,dynamic_range_p1_p99,quality_score
IMG_000001.JPG,2026-07-17T03:41:25Z,42.6398862,77.0738157,1621.3,5,2.35,1.185,115.24,-0.712,3.135,-1.534,-5.389,-5.086,1.0514,1,1,109004,422,0.0,3.6132723005618033,49.50587028439148,152.0,0.7678102708209233
IMG_000002.JPG,2026-07-17T03:41:26Z,42.6398847,77.0738155,1621.3,5,2.35,0.667,115.24,-0.037,2.992,-3.763,3.267,-3.514,1.027,0,1,113169,459,0.06818175499488695,3.7679467578820227,39.09807028449084,167.0,0.7256150956080977
IMG_000003.JPG,2026-07-17T03:41:28Z,42.639879,77.073818,1621.0,5,2.35,1.185,115.24,-0.153,2.489,-3.747,1.328,1.593,1.052,1,1,104483,428,0.3129401749017977,2.7557361281101196,36.59297009414906,161.0,0.5663187990577647
IMG_000004.JPG,2026-07-17T03:41:28Z,42.639879,77.073818,1621.0,5,2.35,1.185,115.24,-0.112,1.626,2.81,0.115,-2.949,1.0485,1,1,108199,447,0.3129401749017977,3.467095450954661,45.84673148333255,158.0,0.7513600281198289
IMG_000005.JPG,2026-07-17T03:41:29Z,42.6398767,77.073819,1621.0,5,2.35,1.056,115.24,-0.546,3.719,5.779,5.115,-3.079,1.0658,0,1,106391,413,0.41174090911955447,3.250677198463716,37.73893547846282,160.0,0.620667620691971
IMG_000006.JPG,2026-07-17T03:41:30Z,42.6398747,77.0738185,1621.1,5,2.35,0.907,115.24,-0.661,-0.739,-9.045,7.573,-9.407,1.0417,0,1,98936,389,0.5036757417267637,2.525834688720769,20.315677888276607,99.0,0.26693027041968315
IMG_000007.JPG,2026-07-17T03:41:31Z,42.6398745,77.0738158,1621.1,5,2.34,0.444,115.24,-2.56,4.01,1.352,4.076,-0.483,1.0284,0,1,96155,407,0.5245196734948334,2.8533203224448864,16.51369720886359,73.0,0.26810168795928124
IMG_000008.JPG,2026-07-17T03:41:33Z,42.6398728,77.0738078,1621.1,5,2.34,0.648,115.24,-0.209,1.475,5.81,-4.458,-8.521,1.0828,0,1,92296,373,0.6099446859264386,2.529927139047676,29.36242569871437,107.0,0.34231571346592754
IMG_000009.JPG,2026-07-17T03:41:34Z,42.639872,77.0738058,1621.1,5,2.34,0.704,115.24,-2.173,1.748,-16.702,14.168,-6.269,1.0116,0,1,85997,367,0.6099446859264386,1.829524493896609,14.797669444172964,62.0,0.06156660856709656
IMG_000010.JPG,2026-07-17T03:41:51Z,42.6398627,77.0737907,1621.2,5,2.33,0.426,115.24,0.513,1.42,-7.931,-1.939,2.479,1.0541,0,1,115064,471,0.6099446859264386,4.337898276541731,45.46354634408039,173.0,0.8375389910864663
IMG_000011.JPG,2026-07-17T03:41:52Z,42.6398628,77.0737903,1621.2,5,2.33,0.259,115.24,-0.964,0.982,-0.175,-1.145,0.647,1.047,1,1,114668,462,0.6099446859264386,4.134109760974505,35.33785550891909,144.0,0.7848512768531157
IMG_000012.JPG,2026-07-17T03:41:53Z,42.6398633,77.0737912,1621.1,5,2.32,0.537,115.24,0.566,3.497,-1.992,5.756,-0.735,1.0341,0,1,118554,448,0.6099446859264386,4.970919806222162,42.80936826965457,162.0,0.9127239016840694
IMG_000013.JPG,2026-07-17T03:41:54Z,42.639864,77.0737923,1620.9,5,2.32,0.667,115.24,0.379,-0.183,-0.373,-5.382,4.837,1.067,0,1,113994,434,0.6099446859264386,4.153637662666134,43.287222487716164,152.0,0.7898471571699966
IMG_000014.JPG,2026-07-17T03:41:55Z,42.6398635,77.0737935,1620.8,5,2.32,0.556,115.24,0.411,3.582,-2.686,5.947,-3.659,1.0135,0,1,111109,465,0.6099446859264386,4.128438992432213,40.21594001533628,164.0,0.7852710762893484
IMG_000015.JPG,2026-07-17T03:42:28Z,42.6398817,77.073793,1620.0,5,2.29,0.611,115.24,-3.608,1.683,-0.221,-0.939,-13.636,0.9993,0,1,108960,445,0.6099446859264386,4.315740580014065,38.149073726320644,149.0,0.775237786548443
IMG_000016.JPG,2026-07-17T03:42:29Z,42.6398783,77.0737938,1620.0,5,2.29,0.241,115.24,-0.772,2.061,-5.595,5.954,2.066,1.0393,0,1,108577,419,0.6099446859264386,3.820717239995867,35.05500878508247,137.0,0.6620068062733108
IMG_000017.JPG,2026-07-17T03:42:30Z,42.6398785,77.0737943,1620.0,5,2.29,0.315,115.24,-0.494,1.289,-2.938,-5.947,1.295,1.0158,0,1,105339,436,0.6099446859264386,3.771282654269886,32.689426693860405,122.0,0.6151195178820948
IMG_000018.JPG,2026-07-17T03:42:31Z,42.6398822,77.0737927,1620.1,5,2.29,0.482,115.24,-0.209,2.034,5.856,0.809,-4.575,1.0255,0,1,115448,479,0.6099446859264386,4.527639584795312,42.17584745950134,169.0,0.858225321578966
IMG_000019.JPG,2026-07-17T03:42:32Z,42.6398815,77.0737952,1620.3,5,2.29,0.519,115.24,-0.014,2.175,-1.984,-4.282,-4.979,1.0429,1,1,108880,423,0.6099446859264386,3.7772568370663273,37.111289674027276,150.0,0.7490538245962728
IMG_000020.JPG,2026-07-17T03:42:33Z,42.6398822,77.073792,1620.3,5,2.29,0.63,115.24,-0.16,1.563,0.955,-3.634,-0.567,1.0678,1,1,121211,488,0.6099446859264386,5.034345108996722,32.864621079885126,142.0,0.8845314786700565
IMG_000021.JPG,2026-07-17T03:42:34Z,42.6398838,77.0737875,1620.4,5,2.29,0.426,115.24,-0.331,1.405,-5.19,5.053,-2.056,1.0026,1,1,107795,474,0.6099446859264386,3.664722765704843,50.43003915364884,146.0,0.7669725627025983
IMG_000022.JPG,2026-07-17T03:42:36Z,42.6398817,77.0737865,1620.6,5,2.29,0.982,115.24,-0.969,2.006,-3.045,2.664,-4.254,1.0177,1,1,107949,424,0.6099446859264386,3.5942533176042297,51.078364322789746,167.0,0.7874941213063469
IMG_000023.JPG,2026-07-17T03:42:37Z,42.639882,77.0737835,1620.6,5,2.29,0.907,115.24,-1.281,5.591,1.802,5.321,-1.147,1.0342,0,1,108759,437,0.6099446859264386,3.97321979367948,39.95668252260268,168.0,0.7632930980116406
IMG_000024.JPG,2026-07-17T03:42:40Z,42.6398802,77.0737798,1620.6,5,2.28,0.704,115.24,0.908,1.5,-2.022,15.802,3.685,1.0293,0,1,116826,477,0.6099446859264386,4.838460426653704,30.04019604048238,130.0,0.7611294690224544
IMG_000025.JPG,2026-07-17T03:42:43Z,42.639876,77.0737725,1620.6,5,2.28,2.037,115.24,0.425,1.869,5.474,-2.069,11.608,1.0388,0,1,109403,447,0.6412151567855541,3.6474436113847317,33.88930711860627,157.0,0.6568175854819264
IMG_000026.JPG,2026-07-17T03:42:43Z,42.639876,77.0737725,1620.6,5,2.28,2.037,115.24,0.121,4.691,5.695,1.954,5.853,1.0582,0,1,108450,421,0.6412151567855541,3.452858002640762,24.97439662741456,136.0,0.5312098726732415
IMG_000027.JPG,2026-07-17T03:42:44Z,42.6398767,77.0737697,1620.6,5,2.28,0.852,115.24,-0.186,4.325,0.596,5.504,3.204,1.0484,0,1,107698,471,0.6412151567855541,3.6530747466724183,34.201729606627055,146.0,0.6431487331349485
IMG_000028.JPG,2026-07-17T03:42:45Z,42.6398755,77.0737678,1620.7,5,2.28,0.778,115.24,0.108,0.583,-1.236,-5.031,-4.689,1.0715,0,1,117744,473,0.6906783463721842,4.529241901838531,40.55495398459116,146.0,0.8169244189815553
IMG_000029.JPG,2026-07-17T03:42:47Z,42.639872,77.0737618,1620.6,5,2.28,0.593,115.24,0.068,1.776,1.756,2.328,8.105,1.0282,1,1,115811,474,0.8740958311414918,4.778174028417199,38.011031032224444,147.0,0.9066276562794467
IMG_000030.JPG,2026-07-17T03:42:48Z,42.6398688,77.0737598,1620.6,5,2.28,0.945,115.24,0.762,0.285,-3.656,-4.603,2.807,1.0408,0,1,105820,415,1.026467237677269,3.3583373433021295,25.011100699972626,131.0,0.5076896350292621
IMG_000031.JPG,2026-07-17T03:42:49Z,42.6398687,77.0737572,1620.5,5,2.28,0.963,115.24,0.122,-0.404,-1.289,-4.542,-1.506,1.0217,0,1,111271,1111,1.042384698120472,3.7936181280825116,39.39980772610538,151.0,0.7089971616825712
IMG_000032.JPG,2026-07-17T03:42:50Z,42.6398665,77.0737562,1620.5,5,2.27,0.741,115.24,-0.307,2.931,-5.816,-4.573,-0.811,1.0229,0,1,121163,488,1.1454913921140997,5.423470537097012,32.45861695612918,139.0,0.8064073209752671
IMG_000033.JPG,2026-07-17T03:42:51Z,42.6398627,77.0737567,1620.5,5,2.27,0.796,115.24,-0.426,0.793,0.23,-4.855,-0.911,1.0615,0,1,116494,476,1.3137928000009507,4.926192218340986,31.665044938582117,149.0,0.8124690539085687
IMG_000034.JPG,2026-07-17T03:42:52Z,42.6398602,77.073754,1620.5,5,2.27,0.982,115.24,-0.187,-0.059,-2.885,-4.718,-3.132,1.0592,0,1,112705,442,1.437833861671596,4.242433976160302,28.898753130078493,119.0,0.65539179372196
IMG_000035.JPG,2026-07-17T03:42:53Z,42.639857,77.0737547,1620.5,5,2.27,1.037,115.24,-0.446,2.469,-2.847,-10.634,5.448,1.0342,0,1,107159,448,1.57833500033336,3.5103052310502543,35.73302514512715,141.0,0.6226127988075851
IMG_000036.JPG,2026-07-17T03:42:54Z,42.6398548,77.0737548,1620.5,5,2.27,1.074,115.24,-0.328,0.259,1.795,-4.916,3.593,1.0658,0,1,107343,463,1.6766056587861162,3.682105324016026,26.13002264854837,111.0,0.53896803411082
IMG_000037.JPG,2026-07-17T03:42:55Z,42.6398523,77.0737527,1620.6,5,2.27,1.259,115.24,0.597,0.48,-3.671,-4.969,2.059,1.0519,0,1,111613,445,1.7204699352856272,4.396928514016926,19.105130229534407,92.0,0.5687139546360257
IMG_000038.JPG,2026-07-17T03:42:56Z,42.6398557,77.0737507,1620.6,5,2.27,0.722,115.24,-0.946,3.071,-0.312,5.458,2.868,1.0259,0,1,115428,478,1.7204699352856272,4.623768009316882,28.266341561692972,125.0,0.7130693558655884
IMG_000039.JPG,2026-07-17T03:42:57Z,42.6398543,77.0737525,1620.7,5,2.27,0.815,115.24,-0.287,3.3,4.077,-2.405,-0.873,1.0384,0,1,111056,446,1.7204699352856272,4.368942501005931,23.530934164637458,112.0,0.6257204439768417
IMG_000040.JPG,2026-07-17T03:42:58Z,42.6398535,77.0737553,1620.8,5,2.27,0.87,115.24,0.292,1.458,-2.801,-5.595,-2.521,1.0302,0,1,110715,466,1.7327362735764287,3.9864833182136947,33.21143272432572,139.0,0.6778197961054844
IMG_000041.JPG,2026-07-17T03:42:59Z,42.6398518,77.073759,1620.7,5,2.27,1.0,115.24,-0.222,2.586,-0.602,-4.481,2.731,1.023,0,1,113365,439,1.7910261385492088,4.595444445598288,26.378691901500748,117.0,0.6840867457557438
IMG_000042.JPG,2026-07-17T03:43:01Z,42.6398522,77.0737557,1620.5,5,2.27,0.611,115.24,0.247,4.254,0.932,8.099,2.982,1.0325,0,1,120694,470,1.7910261385492088,5.501133249162872,28.235389681665698,126.0,0.7575283401604749
IMG_000043.JPG,2026-07-17T03:43:02Z,42.6398415,77.0737632,1620.3,5,2.26,0.333,115.24,-0.631,-0.378,-1.58,-14.977,0.669,1.0726,0,1,112930,468,2.2364245562110625,4.511170394749206,31.06910601274994,133.0,0.7293140395579799
IMG_000044.JPG,2026-07-17T03:43:03Z,42.639839,77.0737617,1620.3,5,2.26,0.444,115.24,0.433,2.545,-2.755,5.649,-1.697,1.0171,0,1,120524,519,2.3551899430599237,6.175169215298222,25.234458311546224,121.0,0.7292425055402654
IMG_000045.JPG,2026-07-17T03:43:04Z,42.6398325,77.0737595,1620.4,5,2.26,1.056,115.24,-0.521,1.957,-1.732,0.962,-0.239,1.039,1,1,111819,476,2.656506076511474,4.577416373456419,21.407857188931175,99.0,0.6739325277097303
IMG_000046.JPG,2026-07-17T03:43:05Z,42.6398305,77.0737622,1620.4,5,2.26,1.0,115.24,-0.19,1.844,-5.152,-4.099,1.082,1.0222,1,1,112083,440,2.704872806737117,4.202468641342498,14.067989583755228,70.0,0.5140040216732541
IMG_000047.JPG,2026-07-17T03:43:05Z,42.6398305,77.0737622,1620.4,5,2.26,1.0,115.24,-0.469,2.368,-2.221,0.809,-0.04,1.0321,1,1,108355,433,2.704872806737117,3.67999002860825,24.223548104199754,108.0,0.5662241020312251
IMG_000048.JPG,2026-07-17T03:43:06Z,42.6398292,77.0737662,1620.4,5,2.26,0.796,115.24,-0.529,1.943,-2.228,2.092,1.097,1.0261,1,1,111435,472,2.704872806737117,4.496830548683952,29.764092396362415,126.0,0.7692489611228578
IMG_000049.JPG,2026-07-17T03:43:07Z,42.6398313,77.0737628,1620.3,5,2.26,0.778,115.24,-0.336,1.023,-2.686,-5.466,1.547,1.0198,0,1,109277,464,2.704872806737117,4.42370799243903,25.091977729891557,116.0,0.6502098211582718
IMG_000050.JPG,2026-07-17T03:43:08Z,42.6398313,77.0737597,1620.3,5,2.26,0.778,115.24,-0.813,4.739,4.573,5.099,-2.186,1.0409,0,1,109653,430,2.704872806737117,4.203160824598495,24.05403814012772,103.0,0.5920002615279167
IMG_000051.JPG,2026-07-17T03:43:10Z,42.6398322,77.0737568,1620.1,5,2.26,0.667,115.24,-0.725,-0.387,-9.06,17.221,-1.628,1.0354,0,1,117448,486,2.704872806737117,5.515775684767976,26.161942696764953,102.0,0.7067292844320182
IMG_000052.JPG,2026-07-17T03:43:11Z,42.6398327,77.0737565,1620.0,5,2.26,0.667,115.24,-1.119,3.286,-2.228,-1.458,-0.338,1.0073,0,1,106656,453,2.704872806737117,4.2507438653366565,15.38156859857829,70.0,0.4888952639511398
IMG_000053.JPG,2026-07-17T03:43:12Z,42.6398328,77.0737545,1619.9,5,2.26,0.778,115.24,-1.229,2.289,1.657,0.313,-1.979,1.0451,1,1,106112,417,2.704872806737117,3.8742373042947227,28.09305666845028,119.0,0.646704550027155
IMG_000054.JPG,2026-07-17T03:43:13Z,42.6398327,77.0737505,1619.8,5,2.26,1.019,115.24,-0.843,1.427,-2.289,-5.275,-2.552,1.0151,0,1,102708,443,2.704872806737117,3.48895370131381,16.968470914049245,79.0,0.3954109952107677
IMG_000055.JPG,2026-07-17T03:43:14Z,42.6398315,77.0737492,1619.7,5,2.26,0.593,115.24,0.556,2.011,2.665,2.336,11.112,1.0363,0,1,110817,494,2.717932502009186,4.6420218981484025,28.443631464883335,110.0,0.693913496558147
IMG_000056.JPG,2026-07-17T03:43:15Z,42.6398328,77.073749,1619.7,5,2.25,0.778,115.24,-0.071,2.057,1.016,3.595,5.074,1.0239,0,1,103168,419,2.717932502009186,3.8507968792362552,18.103759481751634,89.0,0.47686099711555346
IMG_000057.JPG,2026-07-17T03:43:16Z,42.6398303,77.0737478,1619.6,5,2.25,1.222,115.24,0.509,3.184,-1.312,5.298,1.196,1.0612,0,1,109665,461,2.806654203420341,4.572831955354475,12.381451826133775,61.0,0.49938844940918664
IMG_000058.JPG,2026-07-17T03:43:17Z,42.6398302,77.0737478,1619.4,5,2.25,1.056,115.24,0.577,4.025,1.115,3.954,0.013,1.063,0,1,112696,448,2.811141035207964,5.166862596033046,20.701414348988372,103.0,0.6706221323267113
IMG_000059.JPG,2026-07-17T03:43:17Z,42.6398302,77.0737478,1619.4,5,2.25,1.056,115.24,-0.036,2.51,4.306,1.176,-2.972,1.0339,0,1,107205,433,2.811141035207964,4.35855382600785,16.896721961939406,75.0,0.5222570343621594
IMG_000060.JPG,2026-07-17T03:43:19Z,42.6398263,77.0737508,1619.3,5,2.25,1.148,115.24,-1.112,2.839,-0.335,9.969,2.311,1.0461,0,1,109912,474,2.9729382858265794,4.328375673964958,12.447420025882943,59.0,0.4630007718729681
IMG_000061.JPG,2026-07-17T03:43:20Z,42.6398248,77.0737512,1619.3,5,2.25,0.537,115.24,-0.234,0.393,5.779,2.908,-4.277,1.0329,0,1,109153,434,3.0384822037293824,4.323553016349668,17.32956328863911,84.0,0.533993519283116
IMG_000062.JPG,2026-07-17T03:43:21Z,42.6398213,77.0737523,1619.2,5,2.25,1.241,115.24,-1.313,2.497,-5.854,-3.45,0.54,1.0382,0,1,103620,445,3.190685279223756,3.878486507136994,19.523262518248977,93.0,0.49701688335043614
IMG_000063.JPG,2026-07-17T03:43:22Z,42.6398202,77.0737512,1619.2,5,2.25,1.074,115.24,-0.532,1.483,-4.885,3.618,-2.331,1.0317,1,1,101809,412,3.2448764634095815,3.474170733328818,12.2180895888493,70.0,0.3766294008719875
IMG_000064.JPG,2026-07-17T03:43:29Z,42.6398067,77.0737528,1619.1,5,2.24,1.13,115.24,0.192,2.151,-6.992,13.298,1.204,1.0221,0,1,96782,421,3.829845252173403,3.0189149481675734,9.69545647083678,50.0,0.2178324331951086
IMG_000065.JPG,2026-07-17T03:43:29Z,42.6398067,77.0737528,1619.1,5,2.24,1.13,115.24,0.869,0.81,-1.45,-5.916,1.7,1.0575,0,1,104230,436,3.829845252173403,3.8992242604781917,14.611134379394969,72.0,0.4344166086321919
IMG_000066.JPG,2026-07-17T03:43:30Z,42.6398068,77.0737533,1619.1,5,2.24,1.37,115.24,-0.465,1.717,2.054,-1.832,0.975,1.0158,1,1,103662,450,3.829845252173403,3.8835590202280725,16.65717278886298,72.0,0.48489420157567786
IMG_000067.JPG,2026-07-17T03:43:30Z,42.6398068,77.0737533,1619.1,5,2.24,1.37,115.24,-0.282,0.471,-0.618,-4.756,-1.819,1.0268,0,1,104556,1052,3.829845252173403,4.05367286356739,12.474483851557206,60.0,0.4248249292876424
IMG_000068.JPG,2026-07-17T03:43:31Z,42.639807,77.0737623,1618.9,5,2.24,0.741,115.24,-0.44,2.663,-4.648,4.16,-0.575,1.0199,0,1,102288,433,3.829845252173403,3.53627064719314,18.2350214340868,70.0,0.39834806126220124
IMG_000069.JPG,2026-07-17T03:43:33Z,42.6398052,77.0737527,1619.0,5,2.24,0.667,115.24,-0.918,0.856,1.123,-1.634,-2.415,1.0257,0,1,98892,414,3.911306630468142,2.930708348832105,14.062028379484815,76.0,0.27075406877195346
IMG_000070.JPG,2026-07-17T03:43:34Z,42.6398037,77.0737447,1618.9,5,2.24,1.056,115.24,0.24,2.971,2.611,2.809,-4.208,1.0373,0,1,102165,437,4.013780271367288,3.9216163686398837,13.295672294750998,63.0,0.4150962221200169
IMG_000071.JPG,2026-07-17T03:43:34Z,42.6398037,77.0737447,1618.9,5,2.24,1.056,115.24,0.923,2.827,4.848,5.84,-4.552,1.0127,0,1,99617,410,4.013780271367288,3.3198322626173224,18.362751756754108,86.0,0.3867312837375572
IMG_000072.JPG,2026-07-17T03:43:36Z,42.639801,77.0737442,1618.9,5,2.24,0.963,115.24,-2.118,1.832,-5.221,4.573,0.433,1.0233,0,1,97202,448,4.137122926231529,3.1551935910368614,15.599439376305817,65.0,0.306463076471527
IMG_000073.JPG,2026-07-17T03:43:36Z,42.639801,77.0737442,1618.8,5,2.24,0.963,115.24,-1.703,1.62,-5.358,-5.153,-0.865,1.0342,0,1,95278,385,4.137122926231529,2.7628222829279427,14.605890788251987,70.0,0.23248352872878408
IMG_000074.JPG,2026-07-17T03:43:40Z,42.6397835,77.0737423,1618.9,5,2.24,1.13,115.24,1.951,1.904,1.184,-14.328,10.937,1.0468,0,1,97225,397,4.93067163146511,2.879351724263814,11.896523485697246,52.0,0.20941091814885687
IMG_000075.JPG,2026-07-17T03:43:41Z,42.6397762,77.0737478,1618.9,5,2.23,1.37,115.24,1.143,1.317,2.604,-5.099,5.776,1.0358,0,1,97017,431,5.216143135989435,3.0691542643197667,19.38320300624949,87.0,0.35023921387494206
IMG_000076.JPG,2026-07-17T03:43:42Z,42.6397767,77.0737488,1618.9,5,2.23,1.167,115.24,0.222,3.404,-1.175,-2.565,1.982,1.0368,0,1,99379,415,5.216143135989435,3.4179844478698946,14.369517541634577,77.0,0.36245123432873516
IMG_000077.JPG,2026-07-17T03:43:42Z,42.6397767,77.0737488,1619.0,5,2.23,1.167,115.24,1.25,3.785,4.756,5.221,-3.277,1.0257,0,1,102844,455,5.216143135989435,3.745609766647352,12.673450837551547,60.0,0.3788043656979957
IMG_000078.JPG,2026-07-17T03:43:43Z,42.6397737,77.0737507,1619.0,5,2.23,1.445,115.24,-0.094,4.1,-0.633,4.886,-1.644,1.0405,0,1,96763,400,5.333451418236096,3.096621201198467,15.503336742835744,67.0,0.29814636435906533
IMG_000079.JPG,2026-07-17T03:43:44Z,42.6397723,77.0737533,1618.9,5,2.23,1.093,115.24,0.384,3.45,5.466,1.099,1.41,0.989,0,1,91921,383,5.384836433969624,2.5051885073869693,9.025164652707524,44.0,0.10662617461065553
IMG_000080.JPG,2026-07-17T03:43:44Z,42.6397723,77.0737533,1618.9,5,2.23,1.093,115.24,0.124,2.691,-2.06,5.847,-1.033,1.0083,0,1,100756,468,5.384836433969624,3.5665520254445022,12.852440380782376,58.0,0.3480144685331342
IMG_000081.JPG,2026-07-17T03:43:46Z,42.6397683,77.073755,1618.8,5,2.23,0.945,115.24,-0.277,1.178,1.558,-11.603,-0.911,1.0537,0,1,94833,396,5.556835830672414,2.9007265383956287,9.573694866869424,45.0,0.18718928155040565
IMG_000082.JPG,2026-07-17T03:43:46Z,42.6397683,77.073755,1618.8,5,2.23,0.945,115.24,-0.749,1.161,-0.862,-0.794,1.891,1.043,0,1,99128,460,5.556835830672414,3.4335814097120885,11.897294130482338,54.0,0.31308092660789116
IMG_000083.JPG,2026-07-17T03:43:48Z,42.6397672,77.0737493,1618.6,5,2.23,0.574,115.24,0.123,2.319,5.909,-1.84,-3.735,1.015,0,1,97034,387,5.595265344864167,3.2358538721292036,9.562444505091287,47.0,0.2523369136080509
IMG_000084.JPG,2026-07-17T03:43:49Z,42.639769,77.0737473,1618.5,5,2.23,0.741,115.24,-1.499,1.53,-1.839,-5.969,-0.048,1.0316,0,1,92204,384,5.595265344864167,2.5200886465311876,12.717188261747888,51.0,0.14031827220616275
IMG_000085.JPG,2026-07-17T03:43:50Z,42.639768,77.0737458,1618.5,5,2.23,0.741,115.24,0.219,1.617,5.856,-4.0,-2.353,1.0381,0,1,93444,415,5.610743165898291,2.6238037437279704,13.109188801865981,58.0,0.1755487490906389
IMG_000086.JPG,2026-07-17T03:43:51Z,42.6397662,77.0737453,1618.5,5,2.23,1.593,115.24,-0.435,0.158,2.359,-5.489,-2.789,1.0465,0,1,93515,390,5.670472972436033,2.4968957210909113,8.904189249607084,40.0,0.10484138682673122
IMG_000087.JPG,2026-07-17T03:43:52Z,42.6397673,77.073742,1618.3,5,2.23,1.185,115.24,-1.166,3.247,1.123,5.153,-1.231,1.0456,0,1,97934,406,5.670472972436033,3.671063298103104,13.341379822855997,54.0,0.3623490038677206
IMG_000088.JPG,2026-07-17T03:43:52Z,42.6397673,77.073742,1618.3,5,2.23,1.185,115.24,-0.288,0.619,-2.885,-2.656,-0.094,1.078,0,1,96730,429,5.670472972436033,2.9674698661177543,12.363141946963834,50.0,0.22650780256104933
IMG_000089.JPG,2026-07-17T03:43:53Z,42.6397628,77.0737458,1618.2,5,2.23,0.759,115.24,-0.937,0.894,3.581,-5.924,-0.277,1.0029,0,1,95971,405,5.844058415985421,3.0672197690767904,13.174816003398652,61.0,0.26754544890429555
IMG_000090.JPG,2026-07-17T03:43:54Z,42.6397598,77.0737462,1618.2,5,2.22,0.796,115.24,-0.418,-0.504,2.115,1.847,-1.056,1.0594,0,1,102419,427,5.95186549079379,3.846434382152449,11.931879782377386,55.0,0.3819288332230912
IMG_000091.JPG,2026-07-17T03:43:55Z,42.6397617,77.0737382,1618.1,6,1.55,1.111,115.24,-0.839,0.177,5.108,-3.817,-4.781,1.0198,0,1,100891,454,5.95186549079379,3.5728117890911095,14.035816944279834,65.0,0.36785031179228866
IMG_000092.JPG,2026-07-17T03:43:56Z,42.6397575,77.0737355,1618.4,6,1.55,0.778,115.24,-1.289,2.229,-5.809,-3.779,-1.415,1.0699,0,1,102730,441,6.1271433728827684,3.9612512542984617,13.384518826219908,69.0,0.43088000293028067
IMG_000093.JPG,2026-07-17T03:43:57Z,42.6397572,77.0737333,1618.5,6,1.55,0.945,115.24,-0.605,0.642,14.978,1.221,-5.071,1.0211,0,1,93867,389,6.15027593862729,2.7491830819148744,9.00536398351039,45.0,0.1573319533145704
IMG_000094.JPG,2026-07-17T03:43:58Z,42.6397553,77.073734,1618.3,6,1.55,0.722,115.24,0.162,2.415,2.894,3.878,-5.781,1.0171,0,1,105847,462,6.2324482646875685,4.084670480662617,10.321507482874189,54.0,0.40546866569635426
IMG_000095.JPG,2026-07-17T03:43:59Z,42.6397488,77.0737352,1618.3,6,1.55,2.685,115.24,-0.291,1.088,-3.709,2.901,-2.575,1.0076,0,1,99128,446,6.518816652616876,3.6239798930579603,16.21400762496335,78.0,0.41102153558605903
IMG_000096.JPG,2026-07-17T03:43:59Z,42.6397488,77.0737352,1618.2,6,1.55,2.685,115.24,-0.995,2.29,0.566,-4.695,-4.231,1.0417,1,1,98486,425,6.518816652616876,3.310550111198638,12.040953433361818,58.0,0.3249466478054443
IMG_000097.JPG,2026-07-17T03:44:02Z,42.6397465,77.073728,1618.0,6,1.55,0.667,115.24,1.566,0.845,0.237,-6.443,16.112,1.0722,0,1,95020,432,6.653667831012821,2.635440161162279,15.561818670533707,74.0,0.21920612340365617
IMG_000098.JPG,2026-07-17T03:44:04Z,42.6397423,77.0737327,1618.0,6,1.55,1.074,115.24,1.626,1.818,7.13,-22.046,7.013,1.0918,0,1,91587,395,6.691062275871601,2.671361270810214,16.04886217265008,71.0,0.22540711721994966
IMG_000099.JPG,2026-07-17T03:44:05Z,42.6397487,77.0737267,1617.3,6,1.55,0.87,115.24,0.627,3.48,7.733,9.588,-1.376,1.0304,0,1,99157,417,6.691062275871601,3.649201955740018,13.842059949651054,58.0,0.36834956275326197
IMG_000100.JPG,2026-07-17T03:44:08Z,42.6397365,77.0737435,1616.9,6,1.55,1.945,115.24,-2.641,2.382,-3.854,0.733,-9.972,1.0428,0,1,99807,441,7.034206872340452,3.144746732575354,11.733798189353099,54.0,0.2611939854520742
IMG_000101.JPG,2026-07-17T03:44:08Z,42.6397365,77.0737435,1616.9,6,1.55,1.945,115.24,-0.759,2.235,-0.396,2.718,-5.277,1.0273,1,1,100348,439,7.034206872340452,3.1595948825110067,12.669197346837995,58.0,0.3004559636459706
IMG_000102.JPG,2026-07-17T03:44:09Z,42.6397328,77.0737488,1616.9,6,1.55,1.185,115.24,-0.971,0.406,-1.595,-5.397,-0.766,1.0279,0,1,101063,447,7.176918749721258,3.4900749795436403,15.756469036532643,71.0,0.375076975360197
IMG_000103.JPG,2026-07-17T03:44:10Z,42.6397285,77.0737487,1616.9,6,1.55,0.759,115.24,-1.171,-0.16,-5.274,3.321,1.425,1.0623,0,1,96551,405,7.370292153957116,3.0259786195925913,12.892304538088162,66.0,0.2655257093824849
IMG_000104.JPG,2026-07-17T03:44:11Z,42.6397268,77.073747,1616.9,6,1.55,0.444,115.24,-1.395,2.468,-5.381,4.817,0.021,1.0156,0,1,102198,448,7.454042165960764,4.077010152263058,17.769086954210824,74.0,0.48607960717508214
IMG_000105.JPG,2026-07-17T03:44:12Z,42.6397237,77.0737465,1617.0,6,1.55,0.926,115.24,0.695,1.153,-1.87,-10.817,0.425,1.0464,0,1,92276,1041,7.595332147594212,2.317065162390605,12.01338792681735,56.0,0.09831259571670634
IMG_000106.JPG,2026-07-17T03:44:13Z,42.6397198,77.0737483,1616.9,6,1.55,0.926,115.24,-0.639,3.957,1.596,4.832,-2.857,0.9998,0,1,92868,369,7.762405072909659,2.522771162727626,11.595618517602441,51.0,0.1331635401710356
IMG_000107.JPG,2026-07-17T03:44:14Z,42.6397172,77.0737482,1616.9,6,1.55,0.926,115.24,0.399,2.737,-5.152,-3.74,-1.743,1.0203,0,1,88995,406,7.879502337712348,2.3465643599291557,15.099612016246109,66.0,0.14146400673261844
IMG_000108.JPG,2026-07-17T03:44:15Z,42.639715,77.0737452,1617.0,6,1.55,0.593,115.24,-1.224,4.663,6.466,2.557,-3.682,1.0515,0,1,93220,425,7.991401822631856,2.626333403924741,11.139988792673886,57.0,0.16098353375712462
IMG_000109.JPG,2026-07-17T03:44:16Z,42.6397105,77.0737468,1617.0,6,1.55,0.963,115.24,-0.071,4.029,1.886,-4.153,-1.315,1.0118,0,1,92566,389,8.18627501787248,2.900534841463669,12.727151684872958,63.0,0.23597223353926286
IMG_000110.JPG,2026-07-17T03:44:17Z,42.6397077,77.0737473,1616.8,6,1.55,0.87,115.24,-0.588,0.75,-1.793,-5.641,1.356,1.0757,0,1,88514,380,8.283310923362373,2.266558179451858,13.70925871080973,54.0,0.09539490245753253
IMG_000111.JPG,2026-07-17T03:44:18Z,42.6397092,77.073744,1616.7,6,1.55,0.574,115.24,-1.294,1.495,4.581,4.122,-1.277,1.0493,1,1,88713,406,8.283310923362373,2.3669428296155863,11.692167289908122,49.0,0.10510417639786135
IMG_000112.JPG,2026-07-17T03:44:19Z,42.6397075,77.0737433,1616.6,6,1.56,0.611,115.24,-1.026,2.299,-6.183,-13.42,0.929,1.0248,0,1,85169,357,8.336267354585335,1.6748569998332143,9.031980254035105,44.0,0.0
IMG_000113.JPG,2026-07-17T03:44:20Z,42.6397045,77.0737442,1616.5,6,1.56,0.796,115.24,-2.169,0.53,-2.793,-3.237,1.99,1.0621,0,1,83976,371,8.466915550597367,1.753831146995258,11.924903627797981,54.0,0.029600092026637773
IMG_000114.JPG,2026-07-17T03:44:21Z,42.6397037,77.0737433,1616.5,6,1.56,0.778,115.24,-0.669,2.562,5.856,5.756,-3.934,1.016,0,1,85923,369,8.506766960602166,2.0359762021755965,11.945288444000612,51.0,0.02517669420755284
IMG_000115.JPG,2026-07-17T03:44:23Z,42.6397013,77.0737405,1616.5,6,1.56,0.278,115.24,0.177,1.331,2.001,-5.672,-0.43,1.0584,0,1,87781,381,8.626760830022434,2.2384821134776383,12.23801318898098,52.0,0.07570966139417064
IMG_000116.JPG,2026-07-17T03:44:24Z,42.6397,77.0737368,1616.4,6,1.56,0.426,115.24,-0.205,2.324,-4.427,-3.046,1.921,1.0178,1,1,87178,387,8.701356306439083,2.1955555656362575,7.560452297089457,37.0,0.04015215004181825
IMG_000117.JPG,2026-07-17T03:44:25Z,42.6396947,77.0737438,1616.4,6,1.56,0.537,115.24,-0.585,1.554,1.65,-0.779,4.593,1.0235,0,1,86760,388,8.908383618894954,2.0590751980384305,10.275959950400246,49.0,0.014681766561877698
IMG_000118.JPG,2026-07-17T03:44:27Z,42.639692,77.0737458,1616.3,6,1.56,0.352,115.24,-0.261,1.375,-3.442,3.969,4.265,1.0121,0,1,94118,405,9.020735284640859,2.853506560420531,10.624882520996174,49.0,0.19104739172261898
IMG_000119.JPG,2026-07-17T03:44:28Z,42.6396903,77.0737497,1616.2,6,1.56,1.278,115.24,0.142,0.64,0.993,-5.924,3.715,1.043,0,1,92584,433,9.072430555989483,2.580693296334579,9.794974120708945,43.0,0.12391603306493124
IMG_000120.JPG,2026-07-17T03:44:29Z,42.6396907,77.073749,1616.2,6,1.56,0.111,115.24,0.762,0.885,-4.366,-3.305,5.418,1.0541,1,1,96649,461,9.072430555989483,2.9897028928335723,9.088723315885906,38.0,0.22193877490659125
IMG_000121.JPG,2026-07-17T03:44:30Z,42.6396875,77.0737533,1616.1,6,1.56,0.444,115.24,-0.423,3.033,5.474,4.29,-1.147,1.0045,0,1,93865,385,9.189669745240908,2.971849423306806,13.153073987848215,52.0,0.23582509996783543
IMG_000122.JPG,2026-07-17T03:44:47Z,42.639667,77.0737782,1616.2,6,1.56,0.574,115.24,1.132,1.014,-3.106,-2.275,6.517,1.0312,0,1,86302,383,9.999999999592925,2.121662462911886,11.597361849253033,46.0,0.03448433848875123
IMG_000123.JPG,2026-07-17T03:44:48Z,42.6396783,77.0737625,1616.3,6,1.56,1.019,115.24,0.542,1.668,-4.091,3.634,4.295,1.0312,1,1,88746,385,,2.0964970471741737,17.634713436932742,83.0,0.13725695234188343
IMG_000124.JPG,2026-07-17T03:44:49Z,42.639677,77.0737615,1616.3,6,1.56,2.463,115.24,0.45,1.729,1.94,-0.374,0.555,1.0529,1,1,93099,398,,2.7007076014265268,12.945919956021914,63.0,0.21505812248203768
IMG_000125.JPG,2026-07-17T03:44:49Z,42.639677,77.0737615,1616.2,6,1.56,2.463,115.24,-0.358,2.888,-4.419,3.382,1.349,1.0348,0,1,93638,398,,2.809142141188734,14.743714273001789,70.0,0.24265213084993217
IMG_000126.JPG,2026-07-17T03:44:50Z,42.6396713,77.0737695,1616.2,6,1.56,3.445,115.24,0.062,1.022,-1.083,-4.71,-2.758,1.0428,0,1,87242,390,,2.0367226824637346,12.508849111011349,56.0,0.03666663362569106
IMG_000127.JPG,2026-07-17T03:44:50Z,42.6396713,77.0737695,1616.2,6,1.56,3.445,115.24,0.103,2.584,-4.045,-4.534,-1.712,1.0202,1,1,88638,388,,2.3363417581709482,13.748336391028257,61.0,0.13287035486554785
IMG_000128.JPG,2026-07-17T03:44:51Z,42.639671,77.073773,1616.1,6,1.56,1.278,115.24,-0.26,1.284,5.604,4.87,0.219,1.0538,1,1,83797,378,,1.605720590429595,8.101729829977506,43.0,0.0
IMG_000129.JPG,2026-07-17T03:44:52Z,42.6396698,77.0737758,1616.1,6,1.56,2.296,115.24,-1.227,2.495,-5.328,-4.061,-0.247,1.0475,0,1,88261,390,,2.0822083607693163,16.096882831622363,73.0,0.09698127564777359
IMG_000130.JPG,2026-07-17T03:44:52Z,42.6396698,77.0737758,1616.1,6,1.56,2.296,115.24,0.046,1.438,-0.526,-2.305,-0.544,1.0242,1,1,85675,388,,1.8683376326887213,9.114366469892953,41.0,0.0
IMG_000131.JPG,2026-07-17T03:44:53Z,42.6396757,77.0737765,1616.1,6,1.56,1.0,115.24,-0.976,2.39,1.314,3.076,-1.476,1.0262,1,1,85320,379,,1.9231768437389913,10.501529840890203,48.0,0.011591195535208371
IMG_000132.JPG,2026-07-17T03:44:53Z,42.6396757,77.0737765,1616.1,6,1.56,1.0,115.24,-0.903,1.765,-1.213,3.969,-0.682,1.0387,1,1,88901,388,9.999999999548457,2.120860109679013,13.303430255071023,50.0,0.0566655450768352
IMG_000133.JPG,2026-07-17T03:44:54Z,42.63968,77.0737782,1616.1,6,1.56,0.241,115.24,-0.797,2.108,2.825,-0.321,-1.331,1.0394,1,1,89251,394,9.777699932758114,2.0482760681547276,10.691887136771937,48.0,0.014523824945225177
IMG_000134.JPG,2026-07-17T03:44:55Z,42.6396805,77.0737818,1616.1,6,1.56,0.963,115.24,-0.414,1.461,-1.038,-0.053,-0.445,1.0301,1,1,92402,455,9.735259117480641,2.349115745417662,13.93854361447827,60.0,0.13577130409385427
IMG_000135.JPG,2026-07-17T03:44:56Z,42.6396825,77.0737838,1616.0,6,1.56,0.444,115.24,-0.336,2.421,-3.091,2.031,0.738,1.029,1,1,93785,398,9.625966386484281,2.629871041146818,15.280962486814069,64.0,0.2183724773632899
IMG_000136.JPG,2026-07-17T03:44:57Z,42.6396867,77.0737822,1616.0,6,1.56,0.482,115.24,-0.868,2.113,0.695,0.618,0.105,1.0334,1,1,92670,400,9.42473625456369,2.5726550419039604,12.397548097333773,51.0,0.16226593113378907
IMG_000137.JPG,2026-07-17T03:44:59Z,42.6396953,77.0737822,1616.0,6,1.56,1.259,115.24,-0.662,2.682,-4.312,3.023,1.28,1.0446,1,1,103026,472,8.99671675042536,3.521678589326044,14.457173783128212,70.0,0.40205133097714324
IMG_000138.JPG,2026-07-17T03:44:59Z,42.6396953,77.0737822,1615.9,6,1.56,1.259,115.24,-1.425,2.159,-1.725,2.58,0.998,1.044,0,1,105451,449,8.99671675042536,3.643283616528633,16.353962710864792,68.0,0.3999121543289225
IMG_000139.JPG,2026-07-17T03:45:01Z,42.639698,77.0737848,1615.9,6,1.56,1.593,115.24,-0.141,1.89,4.344,2.29,-0.842,1.0527,1,1,99246,452,8.849659229087951,3.09977084813416,8.48982012368064,37.0,0.2442278908362975
IMG_000140.JPG,2026-07-17T03:45:01Z,42.639698,77.0737848,1615.9,6,1.56,1.593,115.24,-0.868,2.504,-3.32,-4.191,-2.048,1.0309,1,1,100882,431,8.849659229087951,3.4793348034415756,10.427128171016687,43.0,0.32282010157874336
IMG_000141.JPG,2026-07-17T03:45:02Z,42.6397045,77.0737835,1615.9,6,1.56,0.87,115.24,-0.223,3.116,0.718,5.336,-3.75,1.0544,0,1,104399,493,8.532495767999446,3.5791995476755596,11.996397492402883,56.0,0.341156915538247
IMG_000142.JPG,2026-07-17T03:45:03Z,42.6397082,77.0737835,1615.8,6,1.56,0.963,115.24,-0.188,1.322,-0.434,3.87,-3.132,1.0216,1,1,101224,416,8.348347841792174,2.981690259533596,11.191607364070235,52.0,0.2436665780126348
IMG_000143.JPG,2026-07-17T03:45:05Z,42.6397175,77.0737817,1615.8,6,1.56,1.278,115.24,1.726,2.922,-3.381,5.756,11.532,1.0379,0,1,110366,481,7.894267521016431,4.0780437474649744,13.748596872932438,73.0,0.457006548145646
IMG_000144.JPG,2026-07-17T03:45:06Z,42.6397212,77.0737848,1615.8,6,1.56,1.445,115.24,0.968,1.403,4.23,-1.275,5.86,1.0391,1,1,109474,465,7.695001962546002,4.112846676392861,14.339674641308648,73.0,0.5067676489416836
IMG_000145.JPG,2026-07-17T03:45:06Z,42.6397212,77.0737848,1615.8,6,1.56,1.445,115.24,0.3,3.078,-2.19,1.718,1.616,1.0346,0,1,112876,470,7.695001962546002,4.273577585634616,17.471477134395,75.0,0.5141728641150078
IMG_000146.JPG,2026-07-17T03:45:07Z,42.6397275,77.0737818,1615.8,6,1.56,0.778,115.24,-0.315,0.983,-0.999,-4.969,-0.048,1.0263,0,1,113852,1117,7.460546503252847,4.566673102643255,18.661414666602806,95.0,0.5935542623212611
IMG_000147.JPG,2026-07-17T03:45:08Z,42.6397277,77.0737828,1615.9,6,1.56,1.0,115.24,-0.186,1.922,-3.175,-3.382,0.494,1.0271,1,1,114836,527,7.460546503252847,4.842097502782218,15.03463845503024,76.0,0.6261368833453202
IMG_000148.JPG,2026-07-17T03:45:09Z,42.6397243,77.0737865,1615.9,6,1.56,2.648,115.24,-0.97,2.717,-4.496,3.924,-1.911,1.0388,0,1,113613,467,7.460546503252847,4.171201035012698,18.035575710927926,87.0,0.5215439094835335
IMG_000149.JPG,2026-07-17T03:45:09Z,42.6397243,77.0737865,1615.9,6,1.56,2.648,115.24,-2.268,0.518,-5.786,-0.786,-4.163,1.0565,0,1,99245,436,7.460546503252847,3.049225074045718,12.352611302800934,53.0,0.24636820283609484
IMG_000150.JPG,2026-07-17T03:45:11Z,42.6397285,77.0737912,1615.9,6,1.56,1.445,115.24,0.221,0.932,-2.381,7.771,6.715,1.0383,0,1,102682,446,7.300472484786056,3.2801422682965082,12.424864354695883,58.0,0.2962622026641371
IMG_000151.JPG,2026-07-17T03:45:12Z,42.6397317,77.0737923,1615.9,6,1.56,0.926,115.24,0.804,1.528,0.68,-5.962,5.692,1.0307,0,1,108127,443,7.13584509219611,3.860483282931801,14.232574578899422,69.0,0.42126204807032347
IMG_000152.JPG,2026-07-17T03:45:12Z,42.6397317,77.0737923,1616.0,6,1.56,0.926,115.24,0.415,3.066,5.581,1.305,2.845,1.0179,0,1,117833,518,7.13584509219611,5.2268681897644065,23.765492280876302,103.0,0.6917366602765752
IMG_000153.JPG,2026-07-17T03:45:13Z,42.6397373,77.0737917,1616.0,6,1.56,1.148,115.24,-0.287,1.632,-0.358,5.794,-1.926,1.0572,1,1,121953,527,6.8600607107411715,6.016167282773133,23.579861728706103,119.0,0.7769544769261747
IMG_000154.JPG,2026-07-17T03:45:14Z,42.6397435,77.0737932,1616.0,6,1.56,1.574,115.24,-0.015,2.548,-3.564,0.145,-0.193,1.0341,1,1,123027,531,6.544173526546277,5.808432906878052,21.951268001295016,96.0,0.7267237302474485
IMG_000155.JPG,2026-07-17T03:45:14Z,42.6397435,77.0737932,1616.0,6,1.56,1.574,115.24,-0.423,1.439,3.398,1.939,-3.46,1.0478,1,1,116560,514,6.544173526546277,5.043725000451453,24.947213144293304,111.0,0.7739676133719181
IMG_000156.JPG,2026-07-17T03:45:15Z,42.6397482,77.073796,1616.0,6,1.56,1.241,115.24,-1.624,1.85,-5.625,-2.046,-0.605,1.0271,0,1,111017,477,6.296601254757238,4.252501526020907,16.58856926221324,85.0,0.5202842275352212
IMG_000157.JPG,2026-07-17T03:45:15Z,42.6397482,77.073796,1616.0,6,1.56,1.241,115.24,0.415,1.883,-3.373,0.336,-3.506,1.0332,1,1,113125,476,6.296601254757238,4.6671275904702805,25.160422180805067,104.0,0.7233768053510764
IMG_000158.JPG,2026-07-17T03:45:16Z,42.6397535,77.0737963,1615.9,6,1.56,0.722,115.24,-0.046,1.579,-0.015,2.656,-2.682,1.0338,1,1,108843,509,6.031358796349165,4.263345641049049,23.32033571577405,117.0,0.6705522548922538
IMG_000159.JPG,2026-07-17T03:45:17Z,42.6397547,77.0737968,1615.9,6,1.56,1.0,115.24,-0.717,1.66,0.016,-1.359,-2.644,1.0397,1,1,103873,447,5.96919681679067,3.7658787890625836,17.956754885055634,82.0,0.49118626125922804
IMG_000160.JPG,2026-07-17T03:45:18Z,42.6397592,77.0737967,1615.9,6,1.56,0.963,115.24,-0.475,1.472,0.237,-1.672,1.288,1.0476,0,1,101887,490,5.745720788188883,3.459591854805304,19.92037243792094,87.0,0.4229780694752963
IMG_000161.JPG,2026-07-17T03:45:19Z,42.6397632,77.0737977,1615.8,6,1.56,1.019,115.24,-0.054,2.474,-4.35,-1.397,1.326,1.0094,1,1,99839,425,5.5417652935580595,3.4905335788495964,23.45109373464058,106.0,0.5232854884994197
IMG_000162.JPG,2026-07-17T03:45:20Z,42.6397683,77.0737975,1615.7,6,1.56,0.759,115.24,0.101,2.759,-2.457,5.748,-1.193,1.0388,0,1,100227,462,5.288915104702905,3.345997080527715,18.316430973589526,74.0,0.3727067228359895
IMG_000163.JPG,2026-07-17T03:45:21Z,42.6397717,77.0737947,1615.7,6,1.56,0.667,115.24,-0.893,1.303,1.077,3.053,-3.033,1.0494,1,1,100584,434,5.133352727533215,3.2142377656737064,14.00642104078664,64.0,0.33108259347358326
IMG_000164.JPG,2026-07-17T03:45:22Z,42.6397735,77.0737928,1615.7,6,1.56,0.963,115.24,-0.397,1.154,-1.984,-4.122,-1.002,1.0262,1,1,95005,462,5.095334340559489,2.7301361866591005,18.55377310435598,87.0,0.30323514104075056
IMG_000165.JPG,2026-07-17T03:45:23Z,42.6397715,77.0738002,1615.7,6,1.56,1.593,115.24,-0.274,3.504,0.817,1.847,-1.789,1.0169,0,1,99245,440,5.095334340559489,3.3375639048784365,21.79787484089401,88.0,0.4165318250278916
IMG_000166.JPG,2026-07-17T03:45:23Z,42.6397715,77.0738002,1615.7,6,1.56,1.593,115.24,-0.924,0.701,-2.992,-2.038,-0.453,1.0284,0,1,96746,428,5.095334340559489,2.9586595302095744,19.51704534791396,75.0,0.31216240301432796
IMG_000167.JPG,2026-07-17T03:45:24Z,42.6397768,77.0737985,1615.7,6,1.56,0.741,115.24,-0.788,3.117,0.787,4.771,-2.605,1.0228,0,1,101943,442,4.860995915931073,3.5775731283363323,16.260280420403998,78.0,0.40373998988086235
IMG_000168.JPG,2026-07-17T03:45:25Z,42.6397803,77.0738033,1615.7,6,1.56,0.704,115.24,-0.13,2.124,3.031,0.046,-5.987,1.0469,1,1,96739,423,4.6633939845269765,2.882315133604406,13.956564573472622,61.0,0.25855828338614895
IMG_000169.JPG,2026-07-17T03:45:28Z,42.6397867,77.073809,1615.7,6,1.56,0.593,115.24,-0.141,2.281,1.031,-3.443,1.555,1.0169,1,1,96328,446,4.317070904365505,2.8715912657891045,14.878659236887671,67.0,0.27312095621865773
IMG_000170.JPG,2026-07-17T03:45:29Z,42.6397945,77.0738075,1615.7,6,1.56,0.315,115.24,-0.16,1.56,-2.755,-1.656,-0.964,1.0416,1,1,98536,487,3.9361821516650415,3.339035917736809,22.977244793538784,93.0,0.47013148580477115
IMG_000171.JPG,2026-07-17T03:45:30Z,42.6397973,77.073808,1615.6,6,1.56,0.963,115.24,-1.117,1.299,-5.946,2.137,-1.102,1.0338,0,1,99335,447,3.8093195495236585,3.4389604196235273,17.8562579337599,78.0,0.39156866095578396
IMG_000172.JPG,2026-07-17T03:45:31Z,42.6397967,77.073808,1615.6,6,1.56,0.704,115.24,-0.987,1.876,-4.022,-4.527,-2.063,1.0427,0,1,91283,412,3.8093195495236585,2.2565148329770386,12.96070165347309,57.0,0.0924801964793161
IMG_000173.JPG,2026-07-17T03:45:34Z,42.6398048,77.073808,1615.6,6,1.56,0.741,115.24,0.347,3.637,0.726,-1.069,5.967,1.0403,0,1,106379,450,3.421115813142244,4.358263626576972,20.134924765609654,90.0,0.5673499938877539
IMG_000174.JPG,2026-07-17T03:45:35Z,42.6398083,77.0738078,1615.6,6,1.56,0.482,115.24,-0.273,2.618,0.68,-5.099,1.616,1.0286,1,1,100893,466,3.265275674751734,3.2600943732211096,19.39419562045135,85.0,0.4150271514995858
IMG_000175.JPG,2026-07-17T03:45:36Z,42.639808,77.0738108,1615.6,6,1.56,0.982,115.24,-0.711,2.958,-1.809,-2.244,-1.17,1.0246,1,1,107891,464,3.265275674751734,3.8548078195398694,25.49363738757776,103.0,0.5975058763007439
IMG_000176.JPG,2026-07-17T03:45:37Z,42.6398067,77.0738135,1615.6,6,1.56,0.704,115.24,-1.072,2.246,-2.915,4.405,-0.903,1.0407,1,1,109519,470,3.265275674751734,4.226257511071019,24.280678799567998,116.0,0.6703001856933815
IMG_000177.JPG,2026-07-17T03:45:38Z,42.6398082,77.073815,1615.6,6,1.56,0.704,115.24,-0.428,2.138,-1.602,5.13,-1.353,1.0394,1,1,115031,519,3.217762210287481,4.433555801656619,27.036848853477572,136.0,0.755874554128445
IMG_000178.JPG,2026-07-17T03:45:39Z,42.639809,77.0738192,1615.6,6,1.56,1.093,115.24,-0.522,1.804,-0.19,0.382,-2.529,1.0348,1,1,106189,453,3.1574644884590137,3.4706881729213146,19.625367340555826,93.0,0.46950592912851663
IMG_000179.JPG,2026-07-17T03:45:40Z,42.6398117,77.0738205,1615.5,6,1.56,0.87,115.24,-1.352,2.19,-2.602,2.275,-0.254,1.0268,0,1,114384,497,3.016746619547294,4.275920160025815,24.3055178574712,113.0,0.6194098146373184
IMG_000180.JPG,2026-07-17T03:45:41Z,42.6398125,77.0738237,1615.5,6,1.56,0.926,115.24,-1.585,1.917,-5.503,0.626,-2.376,1.0387,0,1,113861,498,2.9613255537418826,4.364899694413057,21.98229011303558,106.0,0.605353417589765
IMG_000181.JPG,2026-07-17T03:45:42Z,42.6398143,77.0738265,1615.4,6,1.56,0.778,115.24,-1.362,2.291,-5.228,1.26,-0.048,1.0403,0,1,114391,506,2.8580854402956866,4.318200330258667,26.554728705728877,118.0,0.6485298827766506
IMG_000182.JPG,2026-07-17T03:45:43Z,42.639816,77.0738295,1615.4,6,1.56,0.815,115.24,-1.556,1.867,2.008,0.626,-2.056,1.0442,0,1,114268,1124,2.7588469663147306,4.647216111515497,28.762186670971857,122.0,0.715057509907654
IMG_000183.JPG,2026-07-17T03:45:44Z,42.6398178,77.0738312,1615.4,6,1.56,1.111,115.24,-0.005,2.682,-0.595,3.511,-1.308,1.0424,1,1,117905,511,2.6609711740771766,4.695133037617495,30.32260544446236,130.0,0.8090730130971261
IMG_000184.JPG,2026-07-17T03:45:44Z,42.6398178,77.0738312,1615.4,6,1.56,1.111,115.24,-0.656,1.455,0.359,1.443,-3.353,1.0477,1,1,109369,499,2.6609711740771766,3.898247315615408,36.70503904384043,141.0,0.7516132539651996
IMG_000185.JPG,2026-07-17T03:45:46Z,42.6398255,77.0738332,1615.4,6,1.56,0.574,115.24,-0.317,1.019,-1.297,1.511,-1.941,1.0348,1,1,112485,507,2.267991097569658,4.070356234362157,29.716019428242674,137.0,0.7209335473395115
IMG_000186.JPG,2026-07-17T03:45:47Z,42.639827,77.0738367,1615.3,6,1.56,0.574,115.24,-0.465,1.236,-5.602,3.473,-1.46,1.0311,1,1,108779,470,2.1762682381794676,3.501272197083589,36.70530635063075,134.0,0.6708186532108252
IMG_000187.JPG,2026-07-17T03:45:48Z,42.6398328,77.0738392,1615.3,6,1.56,1.685,115.24,-1.022,1.189,-2.205,1.351,-2.018,1.0245,1,1,110162,500,1.8754122821052002,3.78051745904461,42.54778369506402,156.0,0.8002545543689079
IMG_000188.JPG,2026-07-17T03:45:48Z,42.6398328,77.0738392,1615.3,6,1.56,1.685,115.24,-0.313,2.76,-2.373,0.359,-0.689,1.0195,1,1,110309,501,1.8754122821052002,4.013269045882853,41.70672510450637,158.0,0.8361978139435681
IMG_000189.JPG,2026-07-17T03:45:49Z,42.6398337,77.073839,1615.3,6,1.56,0.648,115.24,-0.798,1.79,-0.022,3.748,-1.079,1.0337,1,1,115156,497,1.86216452407424,4.344308613852436,36.61234503634634,156.0,0.8471042139676386
IMG_000190.JPG,2026-07-17T03:45:50Z,42.6398332,77.0738347,1615.4,6,1.56,1.426,115.24,-0.515,1.634,0.993,-3.687,-3.14,1.0383,1,1,105496,467,1.86216452407424,3.0675472280865557,28.90943803957842,131.0,0.5244820737997067
IMG_000191.JPG,2026-07-17T03:45:50Z,42.6398332,77.0738347,1615.4,6,1.56,1.426,115.24,-1.253,2.575,-3.205,3.687,1.105,1.0374,1,1,108579,504,1.86216452407424,3.412391276812618,43.151673438629544,160.0,0.7445754989440037
IMG_000192.JPG,2026-07-17T03:45:52Z,42.6398428,77.073826,1615.5,6,1.56,0.759,115.24,0.998,2.861,-1.679,-1.015,6.753,1.0358,0,1,109314,473,1.4420870395137069,3.708486567959413,42.411381417223524,163.0,0.7345034375411837
IMG_000193.JPG,2026-07-17T03:45:53Z,42.639846,77.0738215,1615.5,6,1.56,0.13,115.24,0.071,2.601,-2.465,1.748,2.089,1.0457,1,1,108056,505,1.304768918714103,3.927020977186527,46.911327167462524,162.0,0.838235290622753
IMG_000194.JPG,2026-07-17T03:45:53Z,42.639846,77.0738215,1615.5,6,1.56,0.13,115.24,-0.292,2.438,-4.32,4.962,0.028,1.0359,1,1,104003,461,1.304768918714103,3.1094789571489114,46.29772272763918,177.0,0.6961650120034533
IMG_000195.JPG,2026-07-17T03:45:54Z,42.6398527,77.0738163,1615.6,6,1.56,0.945,115.24,-0.745,1.36,-2.083,-0.58,-0.43,1.0373,1,1,111046,513,1.047759661628019,3.8915529747183,39.318147251690164,167.0,0.8113225826037429
IMG_000196.JPG,2026-07-17T03:45:55Z,42.6398505,77.0738178,1615.6,6,1.56,0.778,115.24,-0.7,2.2,-2.366,-3.244,1.372,1.0314,1,1,104470,492,1.047759661628019,3.2353983723224538,30.11073091678406,128.0,0.5616382374832927
IMG_000197.JPG,2026-07-17T03:45:56Z,42.6398523,77.0738197,1615.6,6,1.56,0.667,115.24,-0.473,2.376,-4.328,1.733,-0.079,1.0313,1,1,107006,499,0.9999977271785172,3.7102939114966365,41.86577064559618,167.0,0.7994789331610637
IMG_000198.JPG,2026-07-17T03:45:57Z,42.639855,77.0738138,1615.7,6,1.56,2.259,115.24,-0.478,1.576,1.52,-1.092,-3.605,1.032,1,1,101253,450,0.8943917795234309,2.5095191855845096,39.04509810427267,168.0,0.5373369612089847
IMG_000199.JPG,2026-07-17T03:45:57Z,42.639855,77.0738138,1615.7,6,1.56,2.259,115.24,-1.192,1.727,-5.076,1.74,-0.46,1.0435,0,1,100078,453,0.8943917795234309,2.70580105007015,35.52762851321053,136.0,0.46555429970842893
IMG_000200.JPG,2026-07-17T03:45:58Z,42.6398578,77.073814,1615.8,6,1.56,1.815,115.24,-0.141,2.521,-1.412,-2.931,-2.285,1.0239,1,1,109624,506,0.7823402472203547,3.359396516619991,44.123618346916466,171.0,0.7445179147433458
IMG_000201.JPG,2026-07-17T03:45:58Z,42.6398578,77.073814,1615.8,6,1.56,1.815,115.24,-0.857,2.096,1.733,3.733,-2.789,1.0461,1,1,95087,438,0.7823402472203547,2.1714214062047614,29.49564491963409,142.0,0.3432402368007764
IMG_000202.JPG,2026-07-17T03:45:59Z,42.6398565,77.0738202,1615.9,6,1.56,1.426,115.24,-0.84,2.695,-2.03,-3.435,-1.269,1.0237,1,1,97616,464,0.7823402472203547,2.039660364921042,35.98330011723627,162.0,0.3909625431931928
IMG_000203.JPG,2026-07-17T03:45:59Z,42.6398565,77.0738202,1615.9,6,1.56,1.426,115.24,-0.637,0.842,0.596,3.481,0.127,1.041,1,1,91720,427,0.7823402472203547,1.9392370520845066,26.830908078345352,139.0,0.2843769998405973
IMG_000204.JPG,2026-07-17T03:46:01Z,42.6398562,77.07382,1615.9,6,1.56,1.093,115.24,-0.485,1.097,-0.587,-0.885,-1.14,1.0512,1,1,96368,440,0.7823402472203547,2.4445062582391963,34.570821547667805,175.0,0.4885092558828338
IMG_000205.JPG,2026-07-17T03:46:01Z,42.6398562,77.07382,1616.0,6,1.56,1.093,115.24,-0.811,3.064,1.459,-3.466,-2.277,1.0139,1,1,95227,467,0.7823402472203547,2.442781124881314,33.51784780300441,153.0,0.45879816016293107
IMG_000206.JPG,2026-07-17T03:46:02Z,42.6398587,77.073816,1616.1,6,1.56,0.593,115.24,-0.482,2.75,3.008,3.305,-3.063,1.0135,1,1,102300,446,0.6995152108295687,2.7545427075738482,43.092235694340914,145.0,0.5875405707677743
IMG_000207.JPG,2026-07-17T03:46:03Z,42.6398658,77.0738137,1616.2,6,1.56,0.704,115.24,0.002,2.506,1.428,5.763,-3.445,1.0329,1,1,93316,427,0.35736657919495957,1.870771069507994,20.96059502184703,112.0,0.19576059961713005
IMG_000208.JPG,2026-07-17T03:46:04Z,42.639873,77.0738135,1616.3,6,1.56,0.407,115.24,-0.134,2.003,-0.839,-3.58,-3.514,1.0398,1,1,101150,437,0.0,3.1166272021832095,25.510730946316517,109.0,0.4724697499506563
